geom,cartodb_id,nombre,disciplina,circuito,ano_apertura_date,ano_apertura_string,ano_apertura_number,an_clausura,an_clau_string,an_clau_number,condicion_mobiliaria,sostenimiento,estatus,clausuras,cl_pandemia_cerraron,cl_pand_close_string,a_pandemia_abierto,a_pand_open,estatus_postpandemia,aforo,alcaldia,longitud,latitud,contacto
POINT(-99.114694 19.417056),289,Centro de danza y acrobacia Cardoso,Danza,Formación,,Sin información,,20/11/2019 0:00:00,2019,2019,Sin información,Sin información,Cerrado permanentemente,Sin información,,No aplica,,No aplica,No aplica,Sin información,Venustiano Carranza,"-99,114694","19,417056",https://www.facebook.com/CDyACardoso
POINT(-99.161842 19.414898),285,Terrazas Noox,Música,Consumo,,No aplica,,,No aplica,,Sin información,Servicios,Abierto,Sin información,,No aplica,1/01/2021 0:00:00,,Abierto,Hasta 50 personas,Cuauhtémoc,"-99,16184193","19,41489754",Sin información
POINT(-99.152005 19.432742),290,Foro Morelos,Multidisciplina,Renta,,Sin información,,,No aplica,,Rentado,Servicios,No aplica,Sin información,,No aplica,4/03/2021 0:00:00,,Abierto,Hasta 50 personas,Cuauhtémoc,"-99,15200452","19,43274214",https://www.facebook.com/foro.morelos76
POINT(-99.097572 19.233785),288,Café Minuet,Música,Consumo,,Sin información,,,No aplica,,Rentado,Servicios,Abierto,Sin información,24/03/2020 0:00:00,2020-03,22/07/2020 0:00:00,,Abierto,Hasta 50 personas,Xochimilco,"-99,097572","19,233785",https://www.facebook.com/Caf%C3%A9-Minuet-1862632160663876
POINT(-99.064568 19.216224),287,Museo Cuartel Zapatista,Otras disciplinas,Difusión,,Sin información,,,Sin información,,Propio,Autogenerados,Abierto,Sin clausuras,19/03/2020 0:00:00,2020-03,13/07/2020 0:00:00,,Abierto,51 a 100 personas,Milpa Alta,"-99,06456776","19,21622351",https://www.facebook.com/MuseoCuartelZapatistaOficial
POINT(-99.086359 19.214122),286,Casa de Cultura de San Salvador Cuatenco,Multidisciplina,Formación,,Sin información,,,Sin información,,Propio,Autogenerados,Abierto,Sin clausuras,19/03/2020 0:00:00,2020-03,13/07/2020 0:00:00,,Abierto,51 a 100 personas,Milpa Alta,"-99,08635879","19,21412232",https://www.facebook.com/Casa.de.las.Artes.Cuauhtenco
POINT(-99.188468 19.345561),1,Carpa Geodésica,Teatro,Difusión,6/01/1950 0:00:00,1950,1950,,No aplica,,Propio,Multisostenimiento,Abierto,Sin información,,Sin información,1/10/2020 0:00:00,,Abierto,201 a 250 personas,Álvaro Obregón,"-99,188468","19,345561",https://www.facebook.com/CarpaGeodesicaTeatro
POINT(-99.160364 19.431973),3,Teatro Arlequin,Teatro,Difusión,17/08/1953 0:00:00,1953,1953,21/06/2016 0:00:00,2016,2016,Sin información,Sin información,Cierrado permanentemente,Sin información,,No aplica,,No aplica,No aplica,Sin información,Cuauhtémoc,"-99,160364","19,431973",https://www.facebook.com/teatroarlequinMX
POINT(-99.164152 19.357402),2,La Capilla Teatro,Artes vivas,Difusión,22/01/1953 0:00:00,1953,1953,,No aplica,,Propio,Multisostenimiento,Abierto,Sin clausuras,30/03/2020 0:00:00,2020-03,22/09/2020 0:00:00,,Abierto,51 a 100 personas,Coyoacán,"-99,1641515","19,3574019",https://www.facebook.com/LaCapillaTeatro
POINT(-99.163657 19.435413),4,Anglo Arts Centre,Artes escénicas,Formación,28/03/1962 0:00:00,1962,1962,,No aplica,,Propio,Servicios,Cerrado permanentemente,Sin información,30/03/2020 0:00:00,2020-03,,Cerrado permanentemente,Cerrado temporalmente,151 a 200 personas,Cuauhtémoc,"-99,1636565","19,4354132",https://www.angloarts.mx/apps/pages/index.jsp?uREC_ID=822208&type=d&pREC_ID=staff
POINT(-99.112022 19.4119),5,Escuela de danza Marina,Danza,Formación,14/12/1970 0:00:00,1970,1970,11/01/2014 0:00:00,2014,2014,Rentado,Servicios,Cerrado permanentemente,Sin información,,No aplica,,No aplica,No aplica,Sin información,Venustiano Carranza,"-99,112022",,https://www.facebook.com/Escuela-de-Danza-Marina-Danzas-Polinesias-289271407752951
POINT(-99.192732 19.347685),6,New Orleans,Música,Consumo,21/08/1972 0:00:00,1972,1972,,No aplica,,Sin información,Servicios,Abierto,Sin información,,Sin información,,Sin información,Abierto,Sin información,Álvaro Obregón,"-99,1927323","19,3476849",https://nwjazz.wordpress.com/
POINT(-99.162475 19.416729),7,Foro Tecuicanime,Música,Difusión,2/09/1972 0:00:00,1972,1972,,No aplica,,Rentado,Servicios,Abierto,Sin información,30/03/2020 0:00:00,2020-03,14/08/2021 0:00:00,,Abierto,51 a 100 personas,Cuauhtémoc,"-99,162475","19,416729",https://www.facebook.com/Foro-Tecuicanime-143000624562698
POINT(-99.187214 19.357311),8,Casa El Juglar,Multidisciplina,Difusión,1/01/1975 0:00:00,1975,1975,3/01/2020 0:00:00,2020,2020,Sin información,Sin información,Cerrado permanentemente,Sin información,,Sin información,,Sin información,No aplica,Sin información,Álvaro Obregón,"-99,18721399","19,35731076",https://www.facebook.com/centroculturaleljuglar
POINT(-99.164193 19.350629),9,Centro de Arte Dramático A. C. CADAC,Teatro,Formación,20/05/1975 0:00:00,1975,1975,,No aplica,,Comodato,Servicios,Abierto,Sin clausuras,30/03/2020 0:00:00,2020-03,14/09/2021 0:00:00,,Abierto,251 a 300 personas,Coyoacán,"-99,164193","19,350629",cadac19.75@hotmail.com
POINT(-99.176641 19.41944),14,Foro Shakespeare,Teatro,Difusión,21/06/1980 0:00:00,1980,1980,28/09/2018 0:00:00,2018,2018,Rentado,Servicios,Abierto,Sin clausuras,,No aplica,4/03/2021 0:00:00,,Abierto,101 a 150 personas,Cuauhtémoc,"-99,176641","19,4194399",http://foroshakespeare.com/
POINT(-99.180597 19.392623),11,Foro Contigo América,Teatro,Difusión,18/08/1980 0:00:00,1980,1980,,No aplica,,Sin información,Autogenerados,Abierto,Sin clausuras,30/03/2020 0:00:00,2020-03,19/11/2020 0:00:00,,Abierto,Hasta 50 personas,Benito Juárez,"-99,180597","19,392623",https://www.facebook.com/ContigoAmerica
POINT(-99.002639 19.270806),10,Centro Cultural Castillo,Danza,Formación,1/01/1980 0:00:00,1980,1980,,No aplica,,Sin información,Servicios,Abierto,Sin información,30/03/2020 0:00:00,2020-03,1/03/2021 0:00:00,,Abierto,Sin información,Tláhuac,"-99,002639","19,270806",https://www.facebook.com/danzacccmx
POINT(-99.16725 19.415167),13,El Bataclán,Artes vivas,Difusión,1/12/1980 0:00:00,1980,1980,,No aplica,,Sin información,Sin información,Cerrado permanentemente,Sin información,17/03/2020 0:00:00,2020-03,,Hasta nuevo aviso,Cerrado temporalmente,51 a 100 personas,Cuauhtémoc,"-99,16725","19,415167",https://www.facebook.com/ElBataclanCDMX
POINT(-99.165239 19.349335),12,Los Talleres,Danza,Formación,10/11/1980 0:00:00,1980,1980,,No aplica,,Sin información,Servicios,Abierto,Sin información,30/03/2020 0:00:00,2020-03,16/10/2020 0:00:00,,Abierto,51 a 100 personas,Coyoacán,"-99,165239","19,349335",http://www.lostalleres.com.mx/
POINT(-99.157257 19.419617),15,Foro Cultural Lenin,Teatro,Renta,1/01/1986 0:00:00,1986,1986,,No aplica,,Sin información,Autogenerados,Abierto,Sin información,1/04/2020 0:00:00,2020-04,21/07/2020 0:00:00,,Abierto,201 a 250 personas,Cuauhtémoc,"-99,157257","19,419617",https://www.facebook.com/pages/Foro%20Lenin/698738093485509/
POINT(-99.139394 19.325057),16,La Alverka,Música,Difusión,12/12/1990 0:00:00,1990,1990,12/12/1998 0:00:00,1998,1998,Sin información,Servicios,Cerrado,Sin información,,No aplica,,No aplica,No aplica,Hasta 50 personas,Coyoacán,"-99,13939383","19,32505726",Sin información
POINT(-99.166816 19.447095),23,Balcón huasteco,Música,Consumo,1/07/1991 0:00:00,1991,1991,10/11/2017 0:00:00,2017,2017,Sin información,Servicios,Cerrado permanentemente,Una clausura,,No aplica,,No aplica,No aplica,Sin información,Miguel Hidalgo,"-99,16681605","19,44709476",Ya no existe el espacio
POINT(-99.15426 19.421572),26,MultiForo Alicia,Música,Difusión,1/12/1991 0:00:00,1991,1991,,No aplica,,Rentado,Servicios,Abierto,Más de una,13/03/2020 0:00:00,2020-03,19/08/2020 0:00:00,,En riesgo de cierre,251 a 300 personas,Cuauhtémoc,"-99,15426","19,4215716",https://www.facebook.com/MultiforoCulturalAlicia
POINT(-99.164192 19.35742),21,Sala Novo (Teatro La Capilla),Artes escénicas,Difusión,19/05/1991 0:00:00,1991,1991,,No aplica,,Propio,Multisostenimiento,Abierto,Sin clausuras,30/03/2020 0:00:00,2020-03,22/09/2020 0:00:00,,Abierto,Hasta 50 personas,Coyoacán,"-99,164192","19,35742",https://www.teatrolacapilla.com/
POINT(-99.181898 19.37005),18,Teatro El Telón de Asfalto,Teatro,Difusión,24/03/1991 0:00:00,1991,1991,,No aplica,,Sin información,Servicios,Cerrado permanentemente,Sin información,30/03/2020 0:00:00,2020-03,,Hasta nuevo aviso,Cerrado temporalmente,151 a 200 personas,Benito Juárez,"-99,181898","19,37005","Teléfono: 5615-0598
 www.telondeasfalto.com.mx
 Correo: info@telondeasfalto.com.mx"
POINT(-99.165486 19.44113),20,Teatro Renacimiento Centro Teatral Manolo Fábregas,Teatro,Difusión,11/04/1991 0:00:00,1991,1991,,No aplica,,Propio,Sin información,Abierto,Sin información,30/03/2020 0:00:00,2020-03,30/10/2020 0:00:00,,Abierto,251 a 300 personas,Cuauhtémoc,"-99,1654863","19,4411298",https://www.facebook.com/pages/Centro%20Teatral%20Manolo%20Fabregas/180666028619.222/
POINT(-99.158774 19.418284),17,Foro del Tejedor,Multidisciplina,Difusión,19/02/1991 0:00:00,1991,1991,,No aplica,,Sin información,Autogenerados,Abierto,Sin información,30/03/2020 0:00:00,2020-03,9/04/2020 0:00:00,,Abierto,101 a 150 personas,Cuauhtémoc,"-99,158774","19,418284",https://www.facebook.com/Foro.del.Tejedor
POINT(-99.163172 19.344244),24,Teatro Rafael Solana,Teatro,Difusión,23/11/1991 0:00:00,1991,1991,,No aplica,,Sin información,Servicios,Abierto,Sin información,30/03/2020 0:00:00,2020-03,1/10/2021 0:00:00,,Abierto,251 a 300 personas,Coyoacán,"-99,1631717","19,34424433",https://www.facebook.com/TeatroRafaelSolanaMx
POINT(-99.137834 19.428192),22,Centro Cultural Clínica Regina,Otras disciplinas,Formación,30/06/1991 0:00:00,1991,1991,,No aplica,,Rentado,Sin información,Abierto,Sin información,30/03/2020 0:00:00,2020-03,17/07/2021 0:00:00,,Abierto,Sin información,Cuauhtémoc,"-99,1378343","19,4281917",https://www.facebook.com/clinica.regina
POINT(-99.164863 19.326041),19,"Centro de Artes y Oficios
 Escuelita Emiliano
 Zapata Centro de Artes y Oficios",Multidisciplina,Formación,1/04/1991 0:00:00,1991,1991,,No aplica,,Propio,Autogenerados,Abierto,Sin clausuras,30/03/2020 0:00:00,2020-03,14/07/2021 0:00:00,,Abierto,201 a 250 personas,Coyoacán,"-99,164863","19,3260412",https://www.facebook.com/Centro-de-Artes-y-Oficios-Escuelita-Emiliano-Zapata-179765332066567/
POINT(-99.158241 19.418889),25,"Casa del Poeta ""Ramón López Velarde""",Otras disciplinas,Difusión,28/11/1991 0:00:00,1991,1991,,No aplica,,Comodato,Multisostenimiento,Abierto,Sin clausuras,30/03/2020 0:00:00,2020-03,1/07/2021 0:00:00,,Abierto,51 a 100 personas,Cuauhtémoc,"-99,158241","19,418889",https://www.facebook.com/pages/Casa%20del%20Poeta%20Ramon%20L%C3%B3pez%20Velarde%20en%20la%20Col%20Roma%20de%20la%20Cd%20de%20M%C3%A9xico./370378389728677/
POINT(-99.158839 19.413535),27,Foro Luces de Bohemia,Teatro,Difusión,18/05/1993 0:00:00,1993,1993,28/02/2018 0:00:00,2018,2018,Sin información,Autogenerados,Cerrado permanentemente,Una clausura,,No aplica,,No aplica,No aplica,51 a 100 personas,Cuauhtémoc,"-99,158839","19,413535",https://www.facebook.com/Foro-Luces-de-Bohemia-Centro-Cultural-Casa-de-Orizaba-1033898529963961
POINT(-99.166958 19.40876),28,Centro Cultural el Foco,Teatro,Difusión,31/05/1993 0:00:00,1993,1993,,No aplica,,Rentado,Multisostenimiento,Abierto,Sin clausuras,30/03/2020 0:00:00,2020-03,11/09/2020 0:00:00,,Abierto,51 a 100 personas,Cuauhtémoc,"-99,166958","19,40876",https://www.facebook.com/CCElFoco/
POINT(-99.139962 19.367792),33,Café Jazzorca,Música,Difusión,1/07/1996 0:00:00,1996,1996,,No aplica,,Propio,Sin información,Abierto,Sin información,30/03/2020 0:00:00,2020-03,14/11/2020 0:00:00,,Abierto,Hasta 50 personas,Benito Juárez,"-99,139962","19,367792",https://www.facebook.com/Caf%C3%A9-Jazzorca-1410887459128065
POINT(-99.153959 19.423787),31,Dada X,Música,Consumo,13/03/1996 0:00:00,1996,1996,,No aplica,,Rentado,Servicios,Abierto,Más de una,30/03/2020 0:00:00,2020-03,19/03/2021 0:00:00,,Abierto,151 a 200 personas,Cuauhtémoc,"-99,1539593","19,4237875",https://www.facebook.com/Dada-X-Club-106228472749970
POINT(-99.125838 19.406171),34,Circo Volador,Multidisciplina,Difusión,11/09/1996 0:00:00,1996,1996,,No aplica,,Comodato,Multisostenimiento,Abierto,Una clausura,30/03/2020 0:00:00,2020-03,2/03/2021 0:00:00,,Abierto,Más de 350 personas,Venustiano Carranza,"-99,125838","19,406171",https://www.facebook.com/CircoVoladorOficial
POINT(-99.182768 19.437102),35,Teatro Ofelia,Artes escénicas,Difusión,24/10/1996 0:00:00,1996,1996,,No aplica,,Sin información,Sin información,Abierto,Sin clausuras,30/03/2020 0:00:00,2020-03,2/10/2020 0:00:00,,Abierto,251 a 300 personas,Miguel Hidalgo,"-99,1827678","19,4371016",https://www.facebook.com/teatrofelia
POINT(-99.148639 19.362125),29,El Convite,Música,Consumo,9/01/1996 0:00:00,1996,1996,,No aplica,,Rentado,Servicios,Abierto,Sin clausuras,30/03/2020 0:00:00,2020-03,1/07/2020 0:00:00,,Abierto,Hasta 50 personas,Benito Juárez,"-99,148639","19,362125",https://www.facebook.com/elConvite
POINT(-99.171741 19.400202),30,Centro Cultural Roldán Sandoval,Teatro,Difusión,13/01/1996 0:00:00,1996,1996,,No aplica,,Propio,Sin información,Abierto,Sin información,30/03/2020 0:00:00,2020-03,15/10/2020 0:00:00,,Abierto,51 a 100 personas,Miguel Hidalgo,"-99,171741","19,400202",https://www.facebook.com/Centroculturalroldansandoval
POINT(-99.152404 19.383076),32,Apeiron Teatro,Teatro,Difusión,17/03/1996 0:00:00,1996,1996,,No aplica,,Sin información,Sin información,Abierto,Sin clausuras,30/03/2020 0:00:00,2020-03,,Hasta nuevo aviso,Cerrado permanentemente,Sin información,Cuauhtémoc,"-99,152404","19,383076",https://www.facebook.com/apeironteatro
POINT(-99.146465 19.439426),47,El Galerón,Multidisciplina,Difusión,4/09/2001 0:00:00,2001,2001,27/11/2008 0:00:00,2011,2011,Sin información,Sin información,Cerrado permanentemente,Una clausura,,No aplica,,No aplica,No aplica,101 a 150 personas,Cuauhtémoc,"-99,1464651","19,4394256",Sin información
POINT(-99.172383 19.363979),36,Ágora Academia de Profesionalización Actoral,Teatro,Formación,21/02/2001 0:00:00,2001,2001,3/02/2020 0:00:00,2020,2020,Rentado,Autogenerados,Abierto,Sin clausuras,,No aplica,,No aplica,No aplica,Hasta 50 personas,Coyoacán,"-99,1723829","19,3639788",https://www.facebook.com/agoraespacioartistico
POINT(-99.175391 19.409501),40,Black Horse,Música,Consumo,1/07/2001 0:00:00,2001,2001,22/02/2020 0:00:00,2020,2020,Rentado,Servicios,Cerrado permanentemente,Sin información,,No aplica,,No aplica,No aplica,Sin información,Cuauhtémoc,"-99,17539143","19,40950123",https://www.facebook.com/blackhorsemexico
POINT(-99.145659 19.429508),42,Casa KatDragon,Teatro,Difusión,1/08/2001 0:00:00,2001,2001,,No aplica,,Sin información,Sin información,Abierto,Sin información,17/03/2020 0:00:00,2020-03,5/09/2020 0:00:00,,Abierto,Sin información,Cuauhtémoc,"-99,145659","19,429508","https://www.facebook.com/CasaKatDragon/, 
 http://www.talentokatz.com/
 55 2304 6487"
POINT(-99.120803 19.366197),49,Café El Patio,Música,Consumo,6/11/2001 0:00:00,2001,2001,,No aplica,,Sin información,Sin información,Abierto,Sin información,1/04/2020 0:00:00,2020-04,1/07/2020 0:00:00,,Abierto,Sin información,Iztapalapa,"-99,120803","19,366197",https://www.facebook.com/Caf%C3%A9-El-Patio-234499876624101
POINT(-99.179328 19.375298),44,Bar Berlín,Música,Consumo,3/08/2001 0:00:00,2001,2001,,No aplica,,Sin información,Servicios,Abierto,Sin información,30/03/2020 0:00:00,2020-03,1/07/2020 0:00:00,,Abierto,Sin información,Benito Juárez,"-99,179328","19,375298",https://www.facebook.com/BarBerlinInsurgentes/about/?ref=page_internal
POINT(-99.141755 19.427179),48,"Foro ""El Mundano""",Artes escénicas,Difusión,10/09/2001 0:00:00,2001,2001,,No aplica,,Rentado,Multisostenimiento,Cerrado permanentemente,Sin clausuras,30/03/2020 0:00:00,2020-03,,Hasta nuevo aviso,Cerrado permanentemente,151 a 200 personas,Cuauhtémoc,"-99,141755","19,427179",https://www.facebook.com/ForoElMundano/
POINT(-99.164004 19.419111),43,Centro De la Diversidad Cultural Mèxico,Artes escénicas,Difusión,2/08/2001 0:00:00,2001,2001,,No aplica,,Sin información,Autogenerados,Abierto,Sin clausuras,30/03/2020 0:00:00,2020-03,19/11/2020 0:00:00,,Abierto,51 a 100 personas,Cuauhtémoc,"-99,1640044","19,4191112",http://diversidad.mx/ubicacion/#Contacto
POINT(-99.003528 19.266944),45,Museo regional comunitario Cuitláhuac,Otras disciplinas,Difusión,3/08/2001 0:00:00,2001,2001,,No aplica,,Propio,Autogenerados,Abierto,Sin información,30/03/2020 0:00:00,2020-03,26/09/2021 0:00:00,,Abierto,Sin información,Tláhuac,"-99,003528","19,266944",https://www.facebook.com/museocuitlahuac
POINT(-99.164152 19.357402),46,Teatro Bar el Vicio,Artes vivas,Difusión,2/09/2001 0:00:00,2001,2001,,No aplica,,Propio,Sin información,Abierto,Sin clausuras,30/03/2020 0:00:00,2020-03,31/10/2020 0:00:00,,Abierto,51 a 100 personas,Coyoacán,"-99,1641515","19,3574019",https://elvicio.com.mx/historia/
POINT(-99.10991 19.397431),39,Casa de Cultura Las Jarillas,Multidisciplina,Difusión,22/04/2001 0:00:00,2001,2001,,No aplica,,Propio,Sin información,Abierto,Sin clausuras,31/03/2020 0:00:00,2020-03,7/10/2021 0:00:00,,Abierto,Hasta 50 personas,Iztacalco,"-99,10991","19,397431",https://www.facebook.com/CasaDeCulturaLasJarillas
POINT(-99.13557 19.434044),37,Pata Negra,Artes vivas,Consumo,13/03/2001 0:00:00,2001,2001,,No aplica,,Sin información,Servicios,Abierto,Sin información,30/03/2020 0:00:00,2020-03,1/07/2020 0:00:00,,Abierto,Sin información,Cuauhtémoc,"-99,13557","19,434044",https://www.facebook.com/patanegrasalon
POINT(-99.172831 19.409392),38,Woko Taberna,Artes vivas,Consumo,13/04/2001 0:00:00,2001,2001,,No aplica,,Sin información,Sin información,Abierto,Sin información,30/03/2020 0:00:00,2020-03,,Hasta nuevo aviso,Cerrado temporalmente,Sin información,Cuauhtémoc,"-99,172831","19,4093919",https://www.facebook.com/WokoComedyClub
POINT(-99.098725 19.261726),41,La espalda de dios,Multidisciplina,Difusión,1/07/2001 0:00:00,2001,2001,,Sin información,,Rentado,Servicios,Sin información ,Sin clausuras,,Sin información,,Sin información,Cerrado permanentemente,Hasta 50 personas,Xochimilco,"-99,0987245","19,2617262",Sin información
POINT(-99.149023 19.399953),50,Foro La Gaya,Música,Consumo,23/03/2002 0:00:00,2002,2002,,No aplica,,Rentado,Servicios,Abierto,Sin información,,No aplica,,No aplica,Abierto,Hasta 50 personas,Benito Juárez,"-99,14902273","19,39995252",https://www.facebook.com/La-Gaya-Scienzia-87376307309
POINT(-99.123594 19.396209),51,Komplejo Kultural centro cultural y ecológico,Sin información,Sin información,1/01/2003 0:00:00,2003,2003,1/01/2007 0:00:00,2007,2007,Rentado,Sin información,Cerrado permanentemente,Sin información,,No aplica,,No aplica,No aplica,Sin información,Iztacalco,"-99,12359354","19,39620923",http://www.elkomplejokultural.com/ 
POINT(-99.137598 19.432975),53,Pasagüero,Música,Difusión,1/11/2004 0:00:00,2004,2004,10/10/2012 0:00:00,2012,2012,Rentado,Servicios,Abierto,Sin información,30/03/2020 0:00:00,2020-03,25/09/2020 0:00:00,,Abierto,51 a 100 personas,Cuauhtémoc,"-99,137598","19,432975",https://www.facebook.com/Pasaguero
POINT(-99.136101 19.42413),52,El 61 (Ruta 61),Música,Difusión,1/05/2004 0:00:00,2004,2004,,No aplica,,Sin información,Servicios,Abierto,Más de una,23/03/2020 0:00:00,2020-03,,Hasta nuevo aviso,Cerrado permanentemente,Hasta 50 personas,Cuauhtémoc,"-99,136101","19,42413",https://www.facebook.com/El61BluesClub
POINT(-99.165518 19.416956),84,Soma Bar,Música,Consumo,23/11/2006 0:00:00,2006,2006,1/05/2011 0:00:00,2011,2011,Sin información,Servicios,Cerrado permanentemente,Sin información,,No aplica,,No aplica,No aplica,Sin información,Cuauhtémoc,"-99,165518","19,416956",soma.foro.bar@gmail.com
POINT(-99.177661 19.438967),56,Blue Monk Jazz Bistro,Música,Difusión,1/01/2006 0:00:00,2006,2006,11/01/2014 0:00:00,2014,2014,Sin información,Sin información,Cerrado permanentemente,Una clausura,,No aplica,,No aplica,No aplica,Sin información,Miguel Hidalgo,"-99,1776614","19,438967",https://www.facebook.com/bluemonkmexico
POINT(-99.134872 19.426855),74,Foro Quinto Piso,Multidisciplina,Difusión,12/07/2006 0:00:00,2006,2006,12/07/2015 0:00:00,2015,2015,Sin información,Sin información,Cerrado permanentemente,Sin información,,No aplica,,No aplica,No aplica,51 a 100 personas,Cuauhtémoc,"-99,134872","19,426855",foro5piso@hotmail.com/ https://albertoforoquintopis.wixsite.com/foroquintopiso / 5557091093
POINT(-99.145417 19.432076),72,El Cerrojo Centro Cultural,Artes vivas,Difusión,26/05/2006 0:00:00,2006,2006,3/04/2017 0:00:00,2017,2017,Rentado,Autogenerados,Cerrado permanentemente,Sin clausuras,,No aplica,,No aplica,No aplica,51 a 100 personas,Cuauhtémoc,"-99,145417","19,432076",https://www.facebook.com/cerrojo.producciones
POINT(-99.173621 19.412305),62,Café 22,Artes vivas,Difusión,1/03/2006 0:00:00,2006,2006,5/06/2018 0:00:00,2018,2018,Sin información,Sin información,Cerrado permanentemente,Sin información,,No aplica,,No aplica,No aplica,Hasta 50 personas,Cuauhtémoc,"-99,1736215","19,4123055",Sin información
POINT(-99.145558 19.306938),71,Casa Galería,Otras disciplinas,Difusión,25/05/2006 0:00:00,2006,2006,1/05/2018 0:00:00,2018,2018,Prestado,Autogenerados,Cerrado permanentemente,Sin clausuras,,No aplica,,No aplica,No aplica,301 a 350 personas,Coyoacán,"-99,145558","19,306938",https://twitter.com/casagaleriadf
POINT(-99.171968 19.412728),81,CARADURA,Música,Difusión,20/10/2006 0:00:00,2006,2006,18/12/2019 0:00:00,2019,2019,Sin información,Servicios,Cerrado permanentemente,Sin información,,No aplica,,No aplica,No aplica,51 a 100 personas,Cuauhtémoc,"-99,1719681","19,412728",https://www.facebook.com/caraduramx
POINT(-99.150531 19.422827),86,Estación Indianilla Centro Cultural,Multidisciplina,Difusión,1/12/2006 0:00:00,2006,2006,19/06/2019 0:00:00,2019,2019,Sin información,Multisostenimiento,Cerrado temporalmente,Sin información,,No aplica,,Sin información,No aplica,151 a 200 personas,Cuauhtémoc,"-99,1505309","19,4228272",https://www.facebook.com/EstacionIndianilla
POINT(-99.161115 19.348538),63,Sala Cultural Tauro,Danza,Formación,9/03/2006 0:00:00,2006,2006,,No aplica,,Rentado,Servicios,Abierto,Sin clausuras,30/03/2020 0:00:00,2020-03,,Hasta nuevo aviso,Cerrado temporalmente,51 a 100 personas,Coyoacán,"-99,161115","19,348538",http://www.tauroflamenco.org/
POINT(-99.184617 19.406682),58,Teatro Lúcido,Teatro,Difusión,23/01/2006 0:00:00,2006,2006,,No aplica,,Propio,Sin información,Abierto,Sin clausuras,24/03/2020 0:00:00,2020-03,2/11/2020 0:00:00,,Abierto,Más de 350 personas,Miguel Hidalgo,"-99,1846171","19,4066822",https://www.facebook.com/teatrolucido/
POINT(-99.160038 19.415789),82,Broka Bistro,Música,Consumo,21/10/2006 0:00:00,2006,2006,,No aplica,,Sin información,Servicios,Abierto,Sin información,30/03/2020 0:00:00,2020-03,1/07/2020 0:00:00,,Abierto,Sin información,Cuauhtémoc,"-99,16003763","19,41578865",http://www.brokabistrot.com/
POINT(-99.1741 19.3495),65,"Foro El Tinglado ""Lola Cueto""",Teatro,Formación,8/04/2006 0:00:00,2006,2006,,No aplica,,Sin información,Autogenerados,Abierto,Sin información,30/03/2020 0:00:00,2020-03,15/11/2020 0:00:00,,Abierto,51 a 100 personas,Coyoacán,"-99,1741","19,3495",Sin información
POINT(-99.043806 19.326944),70,Foro Quetzalpilli,Artes escénicas,Formación,21/05/2006 0:00:00,2006,2006,,No aplica,,Comodato,Autogenerados,Abierto,Sin clausuras,11/07/2020 0:00:00,2020-07,18/12/2020 0:00:00,,Abierto,51 a 100 personas,Iztapalapa,"-99,043806","19,326944",https://www.facebook.com/Foro-Cultural-Quetzalpilli-549750135061071
POINT(-99.173134 19.420167),61,Beer Hall,Artes vivas,Consumo,1/03/2006 0:00:00,2006,2006,,No aplica,,Sin información,Sin información,Abierto,Sin información,30/03/2020 0:00:00,2020-03,22/07/2020 0:00:00,,Abierto,Sin información,Cuauhtémoc,"-99,1731337","19,4201673",https://www.facebook.com/BeerHallMx
POINT(-99.135636 19.450133),83,Centro Cultural Macario Matus,Multidisciplina,Difusión,1/11/2006 0:00:00,2006,2006,,No aplica,,Sin información,Multisostenimiento,Abierto,Sin información,30/03/2020 0:00:00,2020-03,14/05/2021 0:00:00,,Abierto,Sin información,Cuauhtémoc,"-99,135636","19,450133",https://www.facebook.com/CentroCulturalMacarioMatus
POINT(-99.022475 19.299186),73,Underground Paradise,Multidisciplina,Difusión,18/06/2006 0:00:00,2006,2006,,No aplica,,Sin información,Servicios,Abierto,Sin información,,Sin información,24/06/2021 0:00:00,,Abierto,51 a 100 personas,Tláhuac,"-99,022475","19,299186",https://www.facebook.com/undergroundparadisemx/
POINT(-99.141218 19.367839),57,Pizza Jazz,Música,Consumo,17/01/2006 0:00:00,2006,2006,,No aplica,,Rentado,Sin información,Abierto,Sin información,30/03/2020 0:00:00,2020-03,1/07/2020 0:00:00,,Abierto,Hasta 50 personas,Benito Juárez,"-99,141218","19,367839",https://www.facebook.com/groups/368619.106483598/
POINT(-99.172368 19.415937),64,El círculo teatral,Multidisciplina,Difusión,7/04/2006 0:00:00,2006,2006,,No aplica,,Sin información,Servicios,Abierto,Sin información,30/03/2020 0:00:00,2020-03,26/08/2021 0:00:00,,Abierto,51 a 100 personas,Cuauhtémoc,"-99,172368","19,415937",Facebook:https://www.facebook.com/elcirculoteatral/
POINT(-99.137172 19.433929),66,Zinco Jazz Club,Música,Consumo,20/04/2006 0:00:00,2006,2006,,No aplica,,Sin información,Servicios,Abierto,Sin clausuras,30/03/2020 0:00:00,2020-03,4/09/2020 0:00:00,,Abierto,Hasta 50 personas,Cuauhtémoc,"-99,1371721","19,4339285",https://www.facebook.com/zincojazzcluboficial http://www.zincojazz.com/
POINT(-99.168211 19.444799),77,Sótano Foro,Teatro,Difusión,2/10/2006 0:00:00,2006,2006,,No aplica,,Rentado,Multisostenimiento,Abierto,Sin clausuras,17/03/2020 0:00:00,2020-03,16/09/2020 0:00:00,,Abierto,101 a 150 personas,Miguel Hidalgo,"-99,1682115","19,4447994",http://sotanoteatro.com/?fbclid=IwAR3AWEjpgOrfDOOvrhUfxnnsKneTqk2tZUIExtEbhhtNSkEra5zvzeixZLY
POINT(-99.156891 19.42534),68,Foro Cultural Goya,Otras disciplinas,Formación,3/05/2006 0:00:00,2006,2006,,No aplica,,Rentado,Multisostenimiento,Abierto,Sin clausuras,23/03/2020 0:00:00,2020-03,8/08/2020 0:00:00,,Abierto,51 a 100 personas,Cuauhtémoc,"-99,156891","19,42534",https://www.facebook.com/foroculturalgoya
POINT(-99.143049 19.43813),69,"La Nana, Fábrica de creación e innovación",Multidisciplina,Formación,6/05/2006 0:00:00,2006,2006,,No aplica,,Sin información,Sin información,Abierto,Sin clausuras,30/03/2020 0:00:00,2020-03,14/09/2020 0:00:00,,Abierto,Sin información,Cuauhtémoc,"-99,143049","19,4381296",https://www.facebook.com/lananaconarte
POINT(-99.150028 19.438332),76,Hilvana,Música,Consumo,28/08/2006 0:00:00,2006,2006,,No aplica,,Rentado,Servicios,Abierto,Sin clausuras,30/03/2020 0:00:00,2020-03,21/08/2020 0:00:00,,Abierto,Más de 350 personas,Cuauhtémoc,"-99,150028","19,438332",https://www.facebook.com/foroculturalhilvana
POINT(-99.156498 19.416664),78,Centro Cultural Border,Otras disciplinas,Formación,10/10/2006 0:00:00,2006,2006,,No aplica,,Rentado,Multisostenimiento,Cerrado permanentemente,Una clausura,30/03/2020 0:00:00,2020-03,,No aplica,Cerrado permanentemente,101 a 150 personas,Cuauhtémoc,"-99,156498","19,416664",http://www.border.com.mx/agencia/contacto
POINT(-99.163667 19.41625),60,Foro el centro de salud,Multidisciplina,Consumo,26/02/2006 0:00:00,2006,2006,,No aplica,,Sin información,Autogenerados,Abierto,Una clausura,30/03/2020 0:00:00,2020-03,19/06/2021 0:00:00,,Abierto,Sin información,Cuauhtémoc,"-99,163667","19,41625",https://www.facebook.com/COMUNIDAD.AUTOGESTIVA
POINT(-99.128224 19.425123),87,Atea,Otras disciplinas,Difusión,2/12/2006 0:00:00,2006,2006,,No aplica,,Sin información,Sin información,Abierto,Sin información,30/03/2020 0:00:00,2020-03,22/10/2020 0:00:00,,Abierto,Sin información,Cuauhtémoc,"-99,12822412","19,42512309","https://www.facebook.com/ateacdmx, http://ateacdmx.org/"
POINT(-99.172074 19.416213),55,Cineclub Condesa DF,Otras disciplinas,Difusión,1/01/2006 0:00:00,2006,2006,,No aplica,,Sin información,Servicios,Abierto,Sin información,30/03/2020 0:00:00,2020-03,,Hasta nuevo aviso,Cerrado temporalmente,51 a 100 personas,Cuauhtémoc,"-99,172074","19,416213",https://www.facebook.com/CineclubCondesadf
POINT(-99.174193 19.349502),80,Tlacuache Club,Teatro,Difusión,20/10/2006 0:00:00,2006,2006,,No aplica,,Rentado,Autogenerados,Abierto,Sin clausuras,25/03/2020 0:00:00,2020-03,3/10/2020 0:00:00,,Abierto,Hasta 50 personas,Coyoacán,"-99,174193","19,349502",https://www.facebook.com/TlacuacheTiteres/photos/?ref=page_internal
POINT(-99.154204 19.437062),59,Foro La Cantera,Danza,Formación,16/02/2006 0:00:00,2006,2006,,No aplica,,Rentado,Multisostenimiento,Abierto,Sin clausuras,4/03/2020 0:00:00,2020-03,,Hasta nuevo aviso,Cerrado permanentemente,51 a 100 personas,Cuauhtémoc,"-99,154204","19,437062",https://www.facebook.com/lacanteraestudiodedanza
POINT(-99.163426 19.346031),54,El albergue del arte TADECO,Artes escénicas,Formación,1/01/2006 0:00:00,2006,2006,,No aplica,,Propio,Autogenerados,Abierto,Sin información,30/03/2020 0:00:00,2020-03,3/07/2021 0:00:00,,Abierto,Hasta 50 personas,Coyoacán,"-99,163426","19,346031",https://www.facebook.com/AlberguedelArte
POINT(-98.966027 19.222967),85,Teatro Miquiztli Casa de Cultura,Teatro,Difusión,25/11/2006 0:00:00,2006,2006,,No aplica,,Sin información,Autogenerados,Abierto,Sin información,17/03/2020 0:00:00,2020-03,21/08/2021 0:00:00,,Abierto,151 a 200 personas,Tláhuac,"-98,966027","19,222967",https://www.facebook.com/TeatroMiquiztli1/
POINT(-99.163051 19.427288),75,Somos Voces,Multidisciplina,Difusión,27/08/2006 0:00:00,2006,2006,,No aplica,,Rentado,Servicios,Abierto,Sin clausuras,23/03/2020 0:00:00,2020-03,10/08/2020 0:00:00,,Abierto,Hasta 50 personas,Cuauhtémoc,"-99,163051","19,427288",https://www.facebook.com/SomosVocesMX
POINT(-99.144293 19.43324),88,Club Atlántico,Multidisciplina,Consumo,17/12/2006 0:00:00,2006,2006,,No aplica,,Sin información,Servicios,No aplica,Sin información,30/03/2020 0:00:00,2020-03,,Sin información,Cerrado permanentemente,Más de 350 personas,Cuauhtémoc,"-99,144293","19,43324",https://www.facebook.com/clubatlantico
POINT(-99.139734 19.432864),67,Foro Gante,Danza,Formación,29/04/2006 0:00:00,2006,2006,,No aplica,,Rentado,Autogenerados,Abierto,Sin información,30/03/2020 0:00:00,2020-03,5/09/2020 0:00:00,,Abierto,Hasta 50 personas,Cuauhtémoc,"-99,139734","19,432864",https://www.facebook.com/groups/ForoGante
POINT(-99.009782 19.350768),79,Bhoga Café,Música,Consumo,18/10/2006 0:00:00,2006,2006,,No aplica,,Sin información,Sin información,Abierto,Sin información,5/04/2020 0:00:00,2020-04,11/07/2020 0:00:00,,Abierto,Sin información,Iztapalapa,"-99,0097821","19,3507676",https://www.facebook.com/Bhoga.cafe.mx
POINT(-99.135056 19.436417),90,Donceles 66,Otras disciplinas,Difusión,1/05/2008 0:00:00,2008,2008,3/03/2016 0:00:00,2016,2016,Sin información,Autogenerados,Sin información,Sin clausuras,,No aplica,,No aplica,No aplica,51 a 100 personas,Cuauhtémoc,"-99,135056","19,436417",Sin información
POINT(-99.168516 19.416776),91,El Imperial,Música,Consumo,21/05/2008 0:00:00,2008,2008,18/07/2018 0:00:00,2018,2018,Sin información,Multisostenimiento,Cerrado permanentemente,Sin información,,No aplica,,No aplica,No aplica,Sin información,Cuauhtémoc,"-99,168516","19,416776",https://www.facebook.com/ElImperialClub
POINT(-99.111218 19.265063),93,La Luna Roja,Música,Consumo,29/10/2008 0:00:00,2008,2008,,No aplica,,Rentado,Servicios,Abierto,Sin información,,No aplica,,No aplica,Abierto,Sin información,Xochimilco,"-99,1112178","19,2650627",https://www.facebook.com/profile.php?id=100057675668809
POINT(-99.171254 19.410116),92,Groove Restaurante Bar,Música,Consumo,24/10/2008 0:00:00,2008,2008,,No aplica,,Rentado,Servicios,Abierto,Sin información,,Sin información,,Sin información,Abierto,Sin información,Cuauhtémoc,"-99,171254","19,410116",https://www.facebook.com/GrooveRestauranteBar
POINT(-99.156484 19.430401),89,Teatro El Milagro,Teatro,Difusión,5/04/2008 0:00:00,2008,2008,,No aplica,,Sin información,Multisostenimiento,Abierto,Sin clausuras,17/03/2020 0:00:00,2020-03,1/11/2020 0:00:00,,Abierto,51 a 100 personas,Cuauhtémoc,"-99,1564838","19,4304007",https://www.facebook.com/TeatroElMilagro
POINT(-99.163664 19.421868),95,Gato calavera,Música,Consumo,10/12/2009 0:00:00,2009,2009,,No aplica,,Rentado,Servicios,Abierto,Sin información,17/08/2020 0:00:00,2020-08,,Hasta nuevo aviso,Cerrado permanentemente,Sin información,Cuauhtémoc,"-99,1636637","19,4218677",https://www.facebook.com/gatocalaverapunkrock/
POINT(-99.165682 19.413578),94,Multiforo 246,Música,Difusión,24/11/2009 0:00:00,2009,2009,,No aplica,,Rentado,Sin información,Abierto,Una clausura,23/03/2020 0:00:00,2020-03,15/09/2020 0:00:00,,Abierto,Sin información,Cuauhtémoc,"-99,1656822","19,4135782",https://www.facebook.com/Multiforo246
POINT(-99.149118 19.363979),99,Café Aurora,Música,Consumo,2/12/2010 0:00:00,2010,2010,,No aplica,,Sin información,Sin información,Abierto,Sin información,5/04/2020 0:00:00,2020-04,,No aplica,Cerrado permanentemente,Sin información,Benito Juárez,"-99,1491178","19,3639795",https://www.facebook.com/cafeauroraportales
POINT(-99.031298 19.337794),97,Casa de Cultura Imaginarte,Multidisciplina,Formación,10/07/2010 0:00:00,2010,2010,,No aplica,,Sin información,Sin información,Abierto,Sin información,30/03/2020 0:00:00,2020-03,15/03/2021 0:00:00,,Abierto,Sin información,Iztapalapa,"-99,03129785","19,33779435",https://www.facebook.com/casaculturaimaginarte
POINT(-99.136361 19.440723),100,Espacio Teatral MH-35,Teatro,Difusión,12/12/2010 0:00:00,2010,2010,,No aplica,,Rentado,Multisostenimiento,Abierto,Sin clausuras,4/04/2020 0:00:00,2020-04,29/08/2021 0:00:00,,Abierto,101 a 150 personas,Cuauhtémoc,"-99,1363611","19,4407234",https://www.facebook.com/mh35teatro
POINT(-99.165145 19.425524),98,Foro Amberes,Música,Consumo,17/11/2010 0:00:00,2010,2010,,No aplica,,Rentado,Servicios,Abierto,Sin información,16/03/2020 0:00:00,2020-03,13/07/2020 0:00:00,,Abierto,101 a 150 personas,Cuauhtémoc,"-99,165145","19,425524",https://www.facebook.com/senorgrill/
POINT(-99.126431 19.337419),96,Foro Alternativo Espacio Abierto,Teatro,Formación,30/04/2010 0:00:00,2010,2010,,Sin información,,Sin información,Autogenerados,Cerrado permanentemente,Sin información,,No aplica,,No aplica,No aplica,51 a 100 personas,Coyoacán,"-99,1264308","19,3374194",https://espacioabierto.wixsite.com/foroalternativo/como-llegar
POINT(-99.174505 19.41857),112,Locanda,Multidisciplina,Consumo,9/09/2011 0:00:00,2011,2011,9/09/2011 0:00:00,2011,2011,Sin información,Servicios,Cerrado permanentemente,Una clausura,,No aplica,,No aplica,No aplica,Sin información,Cuauhtémoc,"-99,174505","19,41857",No existe ya la página
POINT(-99.117923 19.283123),113,La Cebada,Otras disciplinas,Formación,13/09/2011 0:00:00,2011,2011,13/09/2011 0:00:00,2011,2011,Sin información,Sin información,Cerrado permanentemente,Sin clausuras,,No aplica,,No aplica,No aplica,Sin información,Xochimilco,"-99,1179226","19,2831226",https://www.facebook.com/lacebadaarteycomunidad
POINT(-99.186474 19.280921),117,Foro Cultural SUTM,Música,Difusión,17/11/2011 0:00:00,2011,2011,17/11/2011 0:00:00,2011,2011,Sin información,Sin información,Abierto,Sin clausuras,16/03/2020 0:00:00,2020-03,1/01/2021 0:00:00,,Abierto,Más de 350 personas,Cuauhtémoc,"-99,18647366","19,28092144",https://www.facebook.com/pages/Foro%20Cultural%20sutm/815851461824813/
POINT(-99.181266 19.398048),111,Foro Hangar,Multidisciplina,Renta,25/08/2011 0:00:00,2011,2011,25/08/2011 0:00:00,2011,2011,Rentado,Servicios,Cerrado permanentemente,Sin información,,No aplica,,No aplica,No aplica,Sin información,Cuauhtémoc,"-99,18126581","19,39804766",https://www.facebook.com/forohangar
POINT(-99.156262 19.416718),118,Foro Indie Rocks,Música,Difusión,1/12/2011 0:00:00,2011,2011,1/12/2011 0:00:00,2011,2011,Propio,Servicios,Abierto,Sin información,30/03/2020 0:00:00,2020-03,28/09/2020 0:00:00,,Abierto,Más de 350 personas,Cuauhtémoc,"-99,1562616","19,4167181",https://www.facebook.com/foroindierocks
POINT(-99.164085 19.418898),106,Foro El Bicho,Teatro,Difusión,1/04/2011 0:00:00,2011,2011,20/10/2015 0:00:00,2015,2015,Sin información,Sin información,Cerrado permanentemente,Sin información,,No aplica,,No aplica,No aplica,51 a 100 personas,Cuauhtémoc,"-99,164085","19,4188981",Sin información
POINT(-99.157783 19.433965),103,Artería,Artes escénicas,Difusión,30/01/2011 0:00:00,2011,2011,26/02/2015 0:00:00,2015,2015,Rentado,Servicios,Cierre permanente,Una clausura,,No aplica,,No aplica,No aplica,151 a 200 personas,Cuauhtémoc,"-99,1577826","19,4339654",Sin información
POINT(-99.20139 19.436709),116,Gran Teatro Moliere,Artes escénicas,Renta,4/11/2011 0:00:00,2011,2011,1/11/2017 0:00:00,2017,2017,Sin información,Servicios,Cerrado permanentemente,Sin clausuras,,No aplica,,Hasta nuevo aviso,No aplica,Más de 350 personas,Miguel Hidalgo,"-99,20139","19,436709",https://www.facebook.com/Gran-Teatro-Moli%C3%A9re-721582557910834
POINT(-99.137583 19.429889),102,Centro Cultural ALIAC. Un espacio para el arte y la cultura,Otras disciplinas,Formación,25/01/2011 0:00:00,2011,2011,1/10/2018 0:00:00,2018,2018,Rentado,Multisostenimiento,Cerrado permanentemente,Sin clausuras,,No aplica,,No aplica,No aplica,51 a 100 personas,Cuauhtémoc,"-99,137583","19,429889",https://www.facebook.com/Centro-ALIAC-366986636750217
POINT(-99.164453 19.419306),119,Kuii,Multidisciplina,Consumo,15/12/2011 0:00:00,2011,2011,7/08/2018 0:00:00,2018,2018,Sin información,Servicios,Cerrado permanentemente,Sin información,,No aplica,,No aplica,No aplica,Sin información,Cuauhtémoc,"-99,1644535","19,4193056",https://lacalacacultural.wordpress.com/?fbclid=IwAR1zwEdFQW5ilgW08Aq5foPoonhOay9oCjgoCMpI219.bN2JXELu_YfJuzeE
POINT(-99.154434 19.44449),101,Foro Gato Negro UTA,Música,Difusión,3/01/2011 0:00:00,2011,2011,,2021,2021,Rentado,Servicios,Cerrado,Una clausura,19/03/2020 0:00:00,2020-03,12/12/2020 0:00:00,,No aplica,51 a 100 personas,Cuauhtémoc,"-99,15443412","19,44449003",https://www.facebook.com/Forogatonegrouta
POINT(-99.16362 19.427743),110,Hojas de Té,Danza,Formación,11/08/2011 0:00:00,2011,2011,,No aplica,,Sin información,Servicios,Abierto,Sin clausuras,1/05/2020 0:00:00,2020-05,1/12/2020 0:00:00,,Abierto,Hasta 50 personas,Cuauhtémoc,"-99,16362","19,427743",https://www.facebook.com/hojasdetemx
POINT(-99.144512 19.415526),107,Segunda sección del Museo del Juguete Antiguo México,Música,Difusión,29/04/2011 0:00:00,2011,2011,,No aplica,,Sin información,Sin información,En peligro de cierre por robo ,Sin información,30/03/2020 0:00:00,2020-03,,No aplica,Cerrado permanentemente,Sin información,Cuauhtémoc,"-99,144512","19,415526",https://www.facebook.com/museodeljuguete
POINT(-99.18638 19.280035),115,Karpa Demente,Artes vivas,Formación,22/10/2011 0:00:00,2011,2011,,No aplica,,Sin información,Multisostenimiento,Abierto,Sin clausuras,30/03/2020 0:00:00,2020-03,11/10/2020 0:00:00,,Abierto,51 a 100 personas,Tlalpan,"-99,18638","19,280035",http://www.cirkodemente.com.mx/
POINT(-99.185692 19.387817),109,La Calaca Espacio Cultural,Multidisciplina,Formación,13/07/2011 0:00:00,2011,2011,,No aplica,,Rentado,Sin información,Abierto,Sin clausuras,30/03/2020 0:00:00,2020-03,6/04/2021 0:00:00,,Abierto,Hasta 50 personas,Benito Juárez,"-99,185692","19,387817",https://www.facebook.com/lacalacacultural
POINT(-99.154905 19.349442),104,Casa de Artes y Circo Contemporáneo A.C,Artes vivas,Formación,1/02/2011 0:00:00,2011,2011,,No aplica,,Sin información,Servicios,Abierto,Sin información,30/03/2020 0:00:00,2020-03,20/06/2021 0:00:00,,Abierto,Sin información,Coyoacán,"-99,1549051","19,34944248",https://www.facebook.com/ArtesyCirco
POINT(-99.059442 19.449398),114,Módulo Multidisciplinario Cuchilla del Tesoro,Multidisciplina,Difusión,21/10/2011 0:00:00,2011,2011,,No aplica,,Sin información,Servicios,Abierto,Sin clausuras,,Sin información,,Sin información,Abierto,151 a 200 personas,Gustavo A. Madero,"-99,059442","19,449398",https://www.facebook.com/Promoci%C3%B3n-Cultural-cuchillacom-104072991302613
POINT(-99.163788 19.345485),105,Danzite Coffe Art Club,Artes escénicas,Formación,20/03/2011 0:00:00,2011,2011,,No aplica,,Rentado,Multisostenimiento,Abierto,Sin clausuras,30/03/2020 0:00:00,2020-03,14/01/2021 0:00:00,,Abierto,51 a 100 personas,Coyoacán,"-99,1637878","19,3454853",https://www.facebook.com/espacioculturaldanzite
POINT(-99.133319 19.391034),108,HPH Centro Cultural,Artes escénicas,Formación,14/05/2011 0:00:00,2011,2011,,No aplica,,Sin información,Servicios,Sin información,Sin información,23/03/2020 0:00:00,2020-03,,No aplica,Cerrado temporalmente,Hasta 50 personas,Benito Juárez,"-99,133319","19,391034",https://www.facebook.com/hphcentrocultural
POINT(-99.136354 19.43463),127,LAB TRECE,Teatro,Difusión,11/07/2012 0:00:00,2012,2012,1/01/2015 0:00:00,2015,2015,Sin información,Sin información,Cerrado permanentemente,Sin información,,No aplica,,No aplica,No aplica,51 a 100 personas,Cuauhtémoc,"-99,136354","19,43463",https://www.facebook.com/LABtrece
POINT(-99.166361 19.289306),123,Pulque La  Santa Solita,Música,Consumo,14/04/2012 0:00:00,2012,2012,23/02/2019 0:00:00,2019,2019,Sin información,Servicios,Cerrado permanentemente,Sin información,,No aplica,,No aplica,No aplica,Sin información,Tlalpan,"-99,166361","19,289306",Sin información
POINT(-99.105259 19.421071),121,Hamama studio,Danza,Formación,28/01/2012 0:00:00,2012,2012,1/01/2020 0:00:00,2020,2020,Sin información,Sin información,Cerrado permanentemente,Sin información,,No aplica,,No aplica,No aplica,Sin información,Venustiano Carranza,"-99,105259","19,421071",https://www.facebook.com/Hamama-Studio-219.264268166538/about
POINT(-99.156361 19.39675),122,Crisanta,Música,Consumo,16/03/2012 0:00:00,2012,2012,28/03/2020 0:00:00,2020,2020,Rentado,Servicios,Cerrado permanentemente,Sin clausuras,,No aplica,,No aplica,No aplica,151 a 200 personas,Cuauhtémoc,"-99,156361","19,39675",https://www.facebook.com/crisantacerveceria
POINT(-99.145104 19.433238),131,Bósforo,Multidisciplina,Consumo,26/10/2012 0:00:00,2012,2012,,No aplica,,Sin información,Servicios,Abierto,Una clausura,20/03/2020 0:00:00,2020-03,13/07/2020 0:00:00,,Abierto,Sin información,Cuauhtémoc,"-99,1451037","19,4332378",https://www.facebook.com/pages/B%C3%B3sforo%20Mezcaleria/280170022102134/
POINT(-99.158045 19.412055),128,Las musas de papá sibarita,Música,Consumo,14/07/2012 0:00:00,2012,2012,,No aplica,,Sin información,Servicios,Abierto,Sin información,31/03/2020 0:00:00,2020-03,11/07/2020 0:00:00,,Abierto,Sin información,Cuauhtémoc,"-99,158045","19,412055",https://www.facebook.com/lasmusasdepapasibarita
POINT(-99.162121 19.43849),134,Foro Off Spring,Teatro,Difusión,11/12/2012 0:00:00,2012,2012,,No aplica,,Rentado,Multisostenimiento,Abierto,Sin clausuras,25/06/2020 0:00:00,2020-06,1/09/2020 0:00:00,,Abierto,251 a 300 personas,Cuauhtémoc,"-99,162121","19,43849",https://www.facebook.com/Foro-Off-Spring-141522479333254
POINT(-99.160452 19.409008),120,Casa de Mora,Artes vivas,Difusión,1/01/2012 0:00:00,2012,2012,,No aplica,,Sin información,Sin información,Abierto,Una clausura,30/03/2020 0:00:00,2020-03,1/05/2020 0:00:00,,Abierto,Sin información,Cuauhtémoc,"-99,1604522","19,4090076",https://www.facebook.com/lacasademoradondemoraleja/?ref=page_internal
POINT(-99.137097 19.416875),133,Centro Cultural Carretera 45 Teatro,Teatro,Difusión,27/11/2012 0:00:00,2012,2012,,No aplica,,Rentado,Multisostenimiento,Abierto,Sin clausuras,30/03/2020 0:00:00,2020-03,3/04/2021 0:00:00,,Abierto,Hasta 50 personas,Cuauhtémoc,"-99,137097","19,416875",https://www.facebook.com/Carretera45Teatro
POINT(-99.164172 19.412178),129,Foro la Escafandra,Multidisciplina,Difusión,4/10/2012 0:00:00,2012,2012,,No aplica,,Sin información,Multisostenimiento,Abierto,Sin información,,Sin información,,Sin información,Abierto,Sin información,Cuauhtémoc,"-99,164172","19,412178",https://www.facebook.com/ForoLaEscafandra
POINT(-99.16212 19.438489),135,Foro Reyna Barrera (Dentro del Espacio Universitario de Cultura Off Spring),Teatro,Difusión,11/12/2012 0:00:00,2012,2012,,No aplica,,Rentado,Multisostenimiento,Abierto,Sin clausuras,25/06/2020 0:00:00,2020-07,1/09/2020 0:00:00,,Abierto,251 a 300 personas,Cuauhtémoc,"-99,1621198","19,4384892",https://www.facebook.com/Foro-Reyna-Barrera-501705596540473
POINT(-99.14553 19.391723),130,Teatro Emilliere,Teatro,Difusión,20/10/2012 0:00:00,2012,2012,,No aplica,,Sin información,Sin información,Abierto,Sin información,30/03/2020 0:00:00,2020-03,10/09/2020 0:00:00,,Abierto,Sin información,Benito Juárez,"-99,1455298","19,3917225",https://www.facebook.com/PhtEmilliere
POINT(-99.138976 19.43432),132,Dobermann Centro,Música,Consumo,1/11/2012 0:00:00,2012,2012,,No aplica,,Rentado,Servicios,Abierto,Sin información,,Sin información,28/05/2021 0:00:00,,Abierto,Sin información,Cuauhtémoc,"-99,13897591","19,43431987",https://www.facebook.com/Dobermann-Centro-468971253144297
POINT(-99.19 19.409826),124,Foro Textual,Otras disciplinas,Difusión,8/05/2012 0:00:00,2012,2012,,No aplica,,Sin información,Sin información,Abierto,Sin información,,No aplica,,No aplica,Cerrado permanentemente,Hasta 50 personas,Miguel Hidalgo,,"19,409826",https://www.facebook.com/ForoTEXTUAL/
POINT(-99.160558 19.40894),126,Cine Tonalá,Multidisciplina,Difusión,25/05/2012 0:00:00,2012,2012,,No aplica,,Sin información,Servicios,Abierto,Sin información,30/03/2020 0:00:00,2020-03,4/08/2020 0:00:00,,Abierto,51 a 100 personas,Cuauhtémoc,"-99,1605578","19,4089399",https://www.facebook.com/cinetonala
POINT(-99.176373 19.40905),125,Pérfida Bistro Café,Música,Consumo,9/05/2012 0:00:00,2012,2012,,No aplica,,Rentado,Sin información,Abierto,Sin información,17/03/2020 0:00:00,2020-03,5/07/2020 0:00:00,,Abierto,Hasta 50 personas,Cuauhtémoc,"-99,176373","19,40905",https://www.facebook.com/perfidabistro.mx/
POINT(-99.161691 19.441168),137,Casa Maauad,Otras disciplinas,Difusión,1/01/2013 0:00:00,2013,2013,1/09/2017 0:00:00,2017,2017,Propio,Autogenerados,Cerrado permanentemente,Sin información,,No aplica,,No aplica,No aplica,Sin información,Cuauhtémoc,"-99,1616911","19,441168",Sin información
POINT(-99.137582 19.430838),141,Foro Petit Comité (Casa del Cine),Otras disciplinas,Difusión,19/04/2013 0:00:00,2013,2013,30/10/2017 0:00:00,2017,2017,Sin información,Autogenerados,Cerrado permanentemente,Sin información,,No aplica,,No aplica,No aplica,Hasta 50 personas,Cuauhtémoc,"-99,1375823","19,4308381",https://www.facebook.com/casadelcine
POINT(-99.132765 19.435867),142,Bar Los Balcones,Música,Consumo,2/05/2013 0:00:00,2013,2013,6/07/2018 0:00:00,2018,2018,Sin información,Sin información,Cerrado permanentemente,Sin información,,No aplica,,No aplica,No aplica,Sin información,Cuauhtémoc,"-99,1327649","19,4358667",Sin información
POINT(-99.141359 19.273596),145,Espacio Cultural La Bóveda,Multidisciplina,Difusión,19/09/2013 0:00:00,2013,2013,10/10/2018 0:00:00,2018,2018,Sin información,Sin información,Cerrado permanentemente,Sin clausuras,,No aplica,,No aplica,No aplica,Hasta 50 personas,Xochimilco,"-99,14135907","19,27359637",https://www.facebook.com/Espacio-Cultural-La-B%C3%B3veda-377920542310808 TELÉFONO 5513302935
POINT(-99.153769 19.445854),140,Microteatro México,Teatro,Difusión,4/04/2013 0:00:00,2013,2013,29/07/2019 0:00:00,2019,2019,Sin información,Servicios,Cerrado permanentemente,Sin clausuras,,No aplica,,No aplica,No aplica,Hasta 50 personas,Cuauhtémoc,"-99,1537692","19,4458544",https://www.facebook.com/MicroteatroMexico
POINT(-99.118903 19.228859),147,Metal Rose Kafé,Música,Consumo,15/11/2013 0:00:00,2013,2013,,No aplica,,Sin información,Sin información,Abierto,Sin información,19/03/2020 0:00:00,2020-03,26/12/2021 0:00:00,,Abierto,Sin información,Xochimilco,"-99,118903","19,228859",https://www.facebook.com/MetalRoseKafee
POINT(-99.167698 19.415264),146,Sala de teatro “Así que pasen cinco años”,Teatro,Difusión,25/10/2013 0:00:00,2013,2013,,No aplica,,Sin información,Autogenerados,Abierto,Sin clausuras,30/03/2020 0:00:00,2020-03,5/09/2021 0:00:00,,Abierto,Hasta 50 personas,Cuauhtémoc,"-99,167698","19,415264",https://www.facebook.com/SaladeteatroA5A
POINT(-99.16334 19.420979),143,Maison Artemisa,Música,Consumo,10/06/2013 0:00:00,2013,2013,,No aplica,,Sin información,Servicios,Abierto,Sin clausuras,,No aplica,3/10/2020 0:00:00,,Abierto,Hasta 50 personas,Cuauhtémoc,"-99,16334007","19,42097945",https://www.facebook.com/maisonartemisiamx
POINT(-99.124076 19.425561),139,Centro Cultural Keren Tá Merced,Multidisciplina,Formación,28/03/2013 0:00:00,2013,2013,,No aplica,,Propio,Multisostenimiento,Sin información ,Sin clausuras,23/03/2020 0:00:00,2020-03,4/03/2021 0:00:00,,Abierto,Hasta 50 personas,Venustiano Carranza,"-99,124076","19,425561",https://kerentamerced.wordpress.com/contacto/
POINT(-99.149872 19.395627),136,V&S Galery Oficial,Otras disciplinas,Consumo,1/01/2013 0:00:00,2013,2013,,No aplica,,Sin información,Sin información,Abierto,Sin información,17/03/2020 0:00:00,2020-03,,Cerrado permanentemente,Abierto,Sin información,Benito Juárez,"-99,149872","19,395627",http://www.galeria-vs.org/
POINT(-99.138874 19.433917),138,Rock Son,Música,Consumo,15/03/2013 0:00:00,2013,2013,,No aplica,,Rentado,Servicios,Abierto,Sin información,17/03/2020 0:00:00,2020-03,,Hasta nuevo aviso,Cerrado permanentemente,Hasta 50 personas,Cuauhtémoc,"-99,138874","19,433917",https://www.facebook.com/RockSonMadero//
POINT(-99.109838 19.299922),144,El Forito de Coapa,Teatro,Difusión,6/09/2013 0:00:00,2013,2013,,No aplica,,Propio,Multisostenimiento,Abierto,Sin información,20/03/2020 0:00:00,2020-03,28/08/2020 0:00:00,,Abierto,101 a 150 personas,Coyoacán,"-99,109838","19,299922",Teléfono: 55 42 82 43 10/ Facebook: https://www.facebook.com/TeatroElForitoDeCoapa/?ref=page_internal
POINT(-99.072929 19.453614),148,Multi foro El Taller,Artes escénicas,Formación,21/11/2013 0:00:00,2013,2013,,Sin información,,Sin información,Sin información,Cerrado permanentemente,Sin información,,Sin información,,Sin información,No aplica,Sin información,Gustavo A. Madero,"-99,072929","19,453614",https://www.facebook.com/aulaeltaller
POINT(-99.164528 19.414105),167,Melody Nelson,Música,Consumo,16/08/2014 0:00:00,2014,2014,10/01/2015 0:00:00,2015,2015,Sin información,Servicios,Cerrado permanentemente,Sin información,,No aplica,,No aplica,No aplica,Sin información,Cuauhtémoc,"-99,1645284","19,4141052",Sin información
POINT(-99.169978 19.413123),164,Ku Colectivo,Otras disciplinas,Difusión,16/07/2014 0:00:00,2014,2014,22/05/2015 0:00:00,2015,2015,Sin información,Sin información,Cerrado permanentemente,Sin información,,No aplica,,No aplica,No aplica,Sin información,Cuauhtémoc,"-99,169978","19,413123","Raquel Miserachi, kucolectivo@gmail.com https://twitter.com/kucolectivo"
POINT(-99.101109 19.266105),169,Galería Tu mamá,Otras disciplinas,Difusión,10/09/2014 0:00:00,2014,2014,2/02/2017 0:00:00,2017,2017,Propio,Autogenerados,Cerrado permanentemente,Sin clausuras,,No aplica,,No aplica,No aplica,Hasta 50 personas,Xochimilco,"-99,1011087","19,2661055",Ya no existe el espacio
POINT(-99.157752 19.436861),174,Cusí y Subcultura Sintétika A.C.,Multidisciplina,Consumo,17/11/2014 0:00:00,2014,2014,30/01/2017 0:00:00,2017,2017,Rentado,Servicios,Cerrado permanentemente,Sin información,,No aplica,,No aplica,No aplica,51 a 100 personas,Cuauhtémoc,"-99,1577522","19,4368606",https://www.facebook.com/Cusi.Cafeteria
POINT(-99.108399 19.264529),159,Café Urantia,Música,Consumo,1/06/2014 0:00:00,2014,2014,8/08/2017 0:00:00,2017,2017,Sin información,Sin información,Cerrado permanentemente,Sin información,,No aplica,,No aplica,No aplica,Hasta 50 personas,Xochimilco,"-99,1083988","19,2645288",https://www.facebook.com/Caf%C3%A9-Urantia-Reloaded-108052043865407/
POINT(-99.175008 19.405329),163,Traspatio Escénico (Dentro de ILM Concept Store),Artes escénicas,Difusión,13/07/2014 0:00:00,2014,2014,18/12/2019 0:00:00,2019,2019,Sin información,Sin información,Cerrado ,Sin información,,No aplica,,No aplica,No aplica,Hasta 50 personas,Cuauhtémoc,"-99,175008","19,405329",https://www.facebook.com/traspatioescenico.mexico
POINT(-99.154167 19.428861),177,El 77 Centro Cultural Autogestivo,Multidisciplina,Difusión,24/12/2014 0:00:00,2014,2014,,No aplica,,Comodato,Autogenerados,Abierto,Sin clausuras,30/03/2020 0:00:00,2020-03,25/09/2020 0:00:00,,Abierto,Hasta 50 personas,Cuauhtémoc,"-99,154167","19,428861",https://www.facebook.com/el77cca
POINT(-99.154591 19.452354),154,Teatro Milán,Teatro,Difusión,17/03/2014 0:00:00,2014,2014,,No aplica,,Sin información,Servicios,Abierto,Sin clausuras,16/03/2020 0:00:00,2020-03,3/11/2020 0:00:00,,Abierto,51 a 100 personas,Cuauhtémoc,"-99,154591","19,452354",https://www.facebook.com/TeatroMilanForoLucerna
POINT(-99.203316 19.439016),156,Fatcrow,Artes vivas,Consumo,21/03/2014 0:00:00,2014,2014,,No aplica,,Sin información,Sin información,Abierto,Sin información,30/03/2020 0:00:00,2020-03,20/04/2021 0:00:00,,Abierto,101 a 150 personas,Miguel Hidalgo,"-99,2033164","19,4390158",https://www.facebook.com/fatcrowbar
POINT(-99.178333 19.416467),176,Sala Marlowe,Teatro,Difusión,1/12/2014 0:00:00,2014,2014,,No aplica,,Propio,Multisostenimiento,Abierto,Una clausura,21/03/2020 0:00:00,2020-03,,No aplica,Cerrado permanentemente,Hasta 50 personas,Cuauhtémoc,"-99,178333","19,416467",https://www.facebook.com/Salamarlowe
POINT(-99.095371 19.320261),153,Foro KultivARTE,Artes escénicas,Difusión,28/02/2014 0:00:00,2014,2014,,No aplica,,Sin información,Sin información,Abierto,Sin información,23/03/2020 0:00:00,2020-03,,No aplica,Cerrado permanentemente,Sin información,Iztapalapa,"-99,0953708","19,32026084",https://www.facebook.com/Kultivarte
POINT(-99.17304 19.396312),170,Teatro en Corto,Teatro,Difusión,11/09/2014 0:00:00,2014,2014,,No aplica,,Propio,Servicios,Abierto,Sin información,15/03/2020 0:00:00,2020-03,3/01/2021 0:00:00,,Abierto,Sin información,Benito Juárez,"-99,1730397","19,3963123",https://www.facebook.com/TeatroEnCorto
POINT(-98.995252 19.221552),160,Casa de Cultura Olla de Piedra,Multidisciplina,Difusión,13/06/2014 0:00:00,2014,2014,,No aplica,,Propio,Servicios,Abierto,Sin clausuras,19/03/2020 0:00:00,2020-03,13/07/2020 0:00:00,,Abierto,Hasta 50 personas,Milpa Alta,"-98,99525222","19,22155242",https://www.facebook.com/olladepiedratecomitl
POINT(-99.161436 19.386008),158,Arte3,Teatro,Formación,29/05/2014 0:00:00,2014,2014,,No aplica,,Sin información,Servicios,No aplica,Sin información,23/03/2020 0:00:00,2020-03,,No aplica,Cerrado permanentemente,Hasta 50 personas,Benito Juárez,"-99,161436","19,386008",https://www.facebook.com/Arte3-379401495535102
POINT(-99.168103 19.416925),165,La vie en rose,Teatro,Consumo,27/07/2014 0:00:00,2014,2014,,No aplica,,Sin información,Servicios,Abierto,Sin información,29/03/2020 0:00:00,2020-03,19/09/2020 0:00:00,,Abierto,Sin información,Cuauhtémoc,"-99,168103","19,416925",https://www.facebook.com/lavieenrosecdmx/
POINT(-99.151518 19.431412),152,Bucareli 69 Casa de Artes,Multidisciplina,Difusión,14/02/2014 0:00:00,2014,2014,,No aplica,,Prestado,Autogenerados,Abierto,Sin clausuras,30/03/2020 0:00:00,2020-03,,Hasta nuevo aviso,Cerrado permanentemente,Hasta 50 personas,Cuauhtémoc,"-99,1515177","19,4314117",https://www.facebook.com/Bucareli69
POINT(-99.171659 19.412268),151,Foro Doméstico,Teatro,Difusión,10/02/2014 0:00:00,2014,2014,,No aplica,,Sin información,Multisostenimiento,Abierto,Sin información,23/03/2020 0:00:00,2020-03,23/01/2021 0:00:00,,Abierto,Sin información,Cuauhtémoc,"-99,171659","19,412268",https://www.facebook.com/DomesticoMX
POINT(-99.070519 19.206905),161,Casa de cultura de San Bartolomé Xicomulco,Multidisciplina,Difusión,13/06/2014 0:00:00,2014,2014,,No aplica,,Propio,Autogenerados,Abierto,Sin clausuras,19/03/2020 0:00:00,2020-03,13/07/2020 0:00:00,,Abierto,51 a 100 personas,Milpa Alta,"-99,07051857","19,20690456",Sin información
POINT(-99.203681 19.501085),149,Foro Piedra de Sol,Danza,Difusión,1/01/2014 0:00:00,2014,2014,,No aplica,,Rentado,Multisostenimiento,Abierto,Sin información,30/03/2020 0:00:00,2020-03,1/01/2021 0:00:00,,Abierto,Hasta 50 personas,Azcapotzalco,"-99,203681","19,501085","http://www.foropiedradesol.com/ 55 5318 8120
 55 5318 8120"
POINT(-99.161524 19.415619),150,Sensorama,Teatro,Formación,24/01/2014 0:00:00,2014,2014,,No aplica,,Rentado,Multisostenimiento,Abierto,Sin clausuras,30/03/2020 0:00:00,2020-03,16/10/2020 0:00:00,,En riesgo de cierre,Hasta 50 personas,Cuauhtémoc,"-99,161524","19,415619",http://www.sensorama.mx/
POINT(-99.156743 19.430028),155,Foro Lucerna,Teatro,Difusión,17/03/2014 0:00:00,2014,2014,,No aplica,,Propio,Servicios,Abierto,Sin información,30/03/2020 0:00:00,2020-03,4/09/2020 0:00:00,,Abierto,101 a 150 personas,Cuauhtémoc,"-99,156743","19,430028",https://www.facebook.com/pages/Foro%20Lucerna/1891472054425691/
POINT(-99.179297 19.416289),171,Multiforo Bajo Circuito,Música,Consumo,1/10/2014 0:00:00,2014,2014,,No aplica,,Sin información,Servicios,Abierto,Sin información,30/03/2020 0:00:00,2020-03,9/03/2021 0:00:00,,Abierto,251 a 300 personas,Cuauhtémoc,"-99,17929746","19,41628853",https://www.facebook.com/forobajocircuito
POINT(-99.156415 19.43082),173,Parker & Lenox,Música,Consumo,16/11/2014 0:00:00,2014,2014,,No aplica,,Rentado,Servicios,Abierto,Sin información,30/03/2020 0:00:00,2020-03,9/04/2021 0:00:00,,Abierto,101 a 150 personas,Cuauhtémoc,"-99,156415","19,43082",https://parkerandlenox.live/?fbclid=IwAR1L2oBr9mgCzAQ5AOa5zIyIptYzdVMuswrWCVo4jTvApnpBqGrlcHnoRCQ
POINT(-99.163323 19.417797),168,Néctar Negro/Zona,Multidisciplina,Consumo,20/08/2014 0:00:00,2014,2014,,No aplica,,Sin información,Servicios,Abierto,Sin información,,Sin información,,Sin información,Abierto,Sin información,Cuauhtémoc,"-99,163323","19,417797",https://www.facebook.com/NectarNegro
POINT(-99.169537 19.41454),162,Frëims,Música,Consumo,25/06/2014 0:00:00,2014,2014,,No aplica,,Sin información,Servicios,Abierto,Sin información,30/03/2020 0:00:00,2020-03,16/06/2020 0:00:00,,Abierto,51 a 100 personas,Cuauhtémoc,"-99,169537","19,41454",https://www.facebook.com/freims.mex
POINT(-99.13247 19.426596),172,Central Funk,Música,Consumo,27/10/2014 0:00:00,2014,2014,,No aplica,,Sin información,Servicios,Abierto,Sin información,30/03/2020 0:00:00,2020-03,12/08/2020 0:00:00,,Abierto,Sin información,Cuauhtémoc,"-99,1324697","19,4265959",https://www.facebook.com/centralfunkmx
POINT(-99.092131 19.471088),157,Fundación culturato,Artes vivas,Formación,14/04/2014 0:00:00,2014,2014,,No aplica,,Sin información,Multisostenimiento,Abierto,Sin información,30/03/2020 0:00:00,2020-03,,Sin información,Abierto,Hasta 50 personas,Gustavo A. Madero,"-99,092131","19,471088",https://www.facebook.com/culturatoac
POINT(-99.159352 19.427709),166,Foro 37,Artes vivas,Difusión,14/08/2014 0:00:00,2014,2014,,No aplica,,Rentado,Autogenerados,Abierto,Sin clausuras,30/03/2020 0:00:00,2020-03,25/10/2021 0:00:00,,Abierto,Hasta 50 personas,Cuauhtémoc,"-99,159352","19,427709",https://www.facebook.com/foro37
POINT(-99.164093 19.415846),175,Dos quince Galería,Multidisciplina,Difusión,26/11/2014 0:00:00,2014,2014,,Sin información,,Rentado,Sin información,Cerrado permanentemente,Sin clausuras,,No aplica,,No aplica,Cerrado permanentemente,Sin información,Cuauhtémoc,"-99,164093","19,415846",galeria.dosquince@gmail.com
POINT(-99.138311 19.43438),179,Foro la Herida,Multidisciplina,Difusión,13/01/2015 0:00:00,2015,2015,3/10/2015 0:00:00,2015,2015,Rentado,Multisostenimiento,Cerrado permanentemente,Sin información,,No aplica,,No aplica,No aplica,Sin información,Cuauhtémoc,"-99,1383105","19,4343804",https://www.facebook.com/profile.php?id=100009248931133
POINT(-99.173987 19.429592),202,Interior 7,Teatro,Difusión,3/12/2015 0:00:00,2015,2015,30/07/2016 0:00:00,2016,2016,Sin información,Sin información,Cerrado permanentemente,Sin información,,Sin información,,Sin información,No aplica,Sin información,Cuauhtémoc,"-99,1739871","19,4295925",https://www.facebook.com/pages/Interior%207/104287686609368/
POINT(-99.155425 19.421669),203,Capijazz Morelia,Música,Difusión,5/12/2015 0:00:00,2015,2015,22/01/2016 0:00:00,2016,2016,Sin información,Sin información,Cerrado permanentemente,Sin información,,No aplica,,No aplica,No aplica,Sin información,Cuauhtémoc,"-99,1554249","19,421669",https://www.facebook.com/CapiJazz
POINT(-99.140611 19.433885),183,Laboratorio actoral latino,Teatro,Difusión,23/02/2015 0:00:00,2015,2015,4/11/2016 0:00:00,2016,2016,Sin información,Multisostenimiento,Cerrado permanentemente,Sin información,,No aplica,,No aplica,No aplica,Hasta 50 personas,Cuauhtémoc,"-99,1406109","19,433885",https://www.facebook.com/LaboratorioActororalRealismo/
POINT(-99.146764 19.350778),180,Casa Actum,Teatro,Difusión,15/01/2015 0:00:00,2015,2015,30/10/2017 0:00:00,2017,2017,Rentado,Autogenerados,Cerrado permanentemente,Una clausura,,No aplica,,No aplica,No aplica,51 a 100 personas,Coyoacán,"-99,146764","19,350778",Sin información
POINT(-99.15717 19.386914),191,Foro el Tintero de los Ironistas,Teatro,Difusión,3/05/2015 0:00:00,2015,2015,26/02/2017 0:00:00,2017,2017,Rentado,Servicios,Cerrado permanentemente,Sin información,,No aplica,,No aplica,No aplica,Sin información,Benito Juárez,"-99,1571696","19,3869141",https://www.facebook.com/TinteroDeLosIronistas
POINT(-99.162673 19.418651),194,Tonalá 66,Multidisciplina,Formación,19/08/2015 0:00:00,2015,2015,13/05/2017 0:00:00,2017,2017,Sin información,Sin información,Cerrado permanentemente,Sin información,,No aplica,,No aplica,No aplica,Sin información,Cuauhtémoc,"-99,162673","19,418651","http://www.tonala66.com/ https://www.facebook.com/Tonal%C3%A1-66-862956237091538/?ref=page_internal
55 5207 4139
contacto@tonala66.com"
POINT(-99.09705 19.442402),199,Casa de arte y cultura Romero Rubio,Multidisciplina,Formación,5/11/2015 0:00:00,2015,2015,12/12/2016 0:00:00,2017,2017,Rentado,Servicios,Cerrado permanentemente,Sin información,,No aplica,,No aplica,No aplica,Sin información,Venustiano Carranza,"-99,09705","19,442402",https://www.facebook.com/Casa-de-Arte-y-Cultura-Romero-Rubio-657023521103898
POINT(-99.156516 19.415834),181,Casa Foro Mérida,Multidisciplina,Sin información,2/02/2015 0:00:00,2015,2015,2/02/2017 0:00:00,2017,2017,Rentado,Sin información,Cerrado permanentemente,Sin información,,No aplica,,No aplica,No aplica,Sin información,Cuauhtémoc,"-99,156516","19,415834",Sin información
POINT(-99.150394 19.35126),197,Foro Standopados,Artes escénicas,Difusión,9/10/2015 0:00:00,2015,2015,6/07/2018 0:00:00,2018,2018,Sin información,Sin información,Cerrado permanentemente,Sin información,,No aplica,,No aplica,No aplica,Sin información,Coyoacán,"-99,1503942","19,3512602",Sin información
POINT(-99.139502 19.388848),200,Carpa Astros,Artes vivas,Consumo,6/11/2015 0:00:00,2015,2015,11/07/2018 0:00:00,2018,2018,Propio,Servicios,Abierto,Sin clausuras,30/03/2020 0:00:00,2020-03,16/07/2021 0:00:00,,Abierto,Más de 350 personas,Benito Juárez,"-99,1395017","19,3888478",https://www.facebook.com/CARPA-Astros-816252418430515
POINT(-99.164136 19.419331),193,El beneficio de abajo,Multidisciplina,Difusión,17/07/2015 0:00:00,2015,2015,25/05/2018 0:00:00,2018,2018,Rentado,Servicios,Cerrado permanentemente,Sin clausuras,,No aplica,,No aplica,No aplica,Hasta 50 personas,Cuauhtémoc,"-99,164136","19,419331",https://www.facebook.com/elbeneficiodeabajo /
POINT(-99.17119 19.435306),188,Jazz Place,Música,Consumo,2/04/2015 0:00:00,2015,2015,18/02/2018 0:00:00,2018,2018,Sin información,Sin información,Cerrado permanentemente,Sin información,,No aplica,,No aplica,No aplica,Sin información,Miguel Hidalgo,"-99,1711897","19,4353061",https://www.facebook.com/TheJazzPlace/
POINT(-99.156638 19.453923),190,Laberinto Cultural SantaMA,Multidisciplina,Difusión,18/04/2015 0:00:00,2015,2015,17/06/2019 0:00:00,2019,2019,Rentado,Multisostenimiento,Cerrado permanentemente,Sin clausuras,,No aplica,,No aplica,No aplica,51 a 100 personas,Cuauhtémoc,"-99,1566378","19,4539234",https://www.facebook.com/LaberintoCulturalSantama
POINT(-99.146976 19.428079),198,Terraza Monstruo Impro,Música,Difusión,21/10/2015 0:00:00,2015,2015,8/08/2019 0:00:00,2019,2019,Rentado,Sin información,Cerrado permanentemente,Una clausura,,No aplica,,No aplica,No aplica,Hasta 50 personas,Cuauhtémoc,"-99,146976","19,428079",https://www.facebook.com/pages/Terraza%20Monstruos/2228061080764148/
POINT(-99.110626 19.392511),182,Casa de la sal Cafebrería teatral,Teatro,Difusión,12/02/2015 0:00:00,2015,2015,17/05/2019 0:00:00,2019,2019,Rentado,Sin información,Cerrado permanentemente,Sin información,,Sin información,,Hasta nuevo aviso,No aplica,51 a 100 personas,Iztacalco,"-99,110626","19,392511",https://www.facebook.com/CafebreriaTeatralCasaDeLaSal
POINT(-99.151008 19.431351),186,El cuartel,Música,Difusión,18/03/2015 0:00:00,2015,2015,1/01/2020 0:00:00,2020,2020,Sin información,Sin información,Cerrado permanentemente,Una clausura,,No aplica,,No aplica,No aplica,Sin información,Cuauhtémoc,"-99,151008","19,431351",Sin información
POINT(-99.157551 19.41908),185,Casa Franca,Música,Consumo,1/03/2015 0:00:00,2015,2015,,No aplica,,Sin información,Servicios,Abierto,Sin clausuras,30/03/2020 0:00:00,2020-03,7/07/2020 0:00:00,,Abierto,101 a 150 personas,Cuauhtémoc,"-99,157551","19,41908",https://www.facebook.com/Lacasamerida109
POINT(-99.1509 19.433499),178,Bucardón,Otras disciplinas,Consumo,11/01/2015 0:00:00,2015,2015,,No aplica,,Rentado,Servicios,Abierto,Sin información,19/03/2020 0:00:00,2020-03,,Hasta nuevo aviso,Cerrado permanentemente,Sin información,Cuauhtémoc,"-99,1508997","19,4334995",https://www.facebook.com/bucardon1
POINT(-99.143731 19.429837),196,"Punto Gozadera, La Gozadera",Multidisciplina,Consumo,25/09/2015 0:00:00,2015,2015,,No aplica,,Rentado,Servicios,Abierto,Sin información,30/03/2020 0:00:00,2020-03,,No aplica,Cerrado permanentemente,Sin información,Cuauhtémoc,"-99,143731","19,429837",https://www.facebook.com/PuntoGozadera
POINT(-99.159854 19.412006),189,Foro Roma Condesa,Música,Renta,15/04/2015 0:00:00,2015,2015,,No aplica,,Sin información,Servicios,Abierto,Sin información,19/03/2020 0:00:00,2020-03,19/08/2021 0:00:00,,Abierto,No aplica,Cuauhtémoc,"-99,15985433","19,41200577",forosromacondesa@gmail.com
POINT(-99.161859 19.417743),201,Departamento,Música,Difusión,3/12/2015 0:00:00,2015,2015,,No aplica,,Sin información,Sin información,Abierto,Sin información,30/03/2020 0:00:00,2020-03,24/07/2020 0:00:00,,Abierto,Hasta 50 personas,Cuauhtémoc,"-99,16185929","19,41774275",http://departamento.tv/
POINT(-99.159364 19.419035),184,La Teatrería,Teatro,Difusión,25/02/2015 0:00:00,2015,2015,,No aplica,,Sin información,Autogenerados,Abierto,Una clausura,30/03/2020 0:00:00,2020-03,28/07/2021 0:00:00,,Abierto,101 a 150 personas,Cuauhtémoc,"-99,1593643","19,4190346",https://www.lateatreria.com/index.php Teléfono: 55 5207 3234
POINT(-99.176767 19.415671),195,"Centro Cultural Sylvia Pasquel (Foro Claudia, Foro Nahui Ollin, Foro Vivi, Foro Sugar, Foro Virginia Woolf, Foro Aldanza, Foro Tacón dorado )",Artes escénicas,Difusión,24/09/2015 0:00:00,2015,2015,,No aplica,,Propio,Sin información,Abierto,Sin información,30/03/2020 0:00:00,2020-03,25/05/2021 0:00:00,,Abierto,101 a 150 personas,Cuauhtémoc,"-99,176767","19,415671","https://forosylviapasquel.com/inicio, https://www.facebook.com/foro.pasquel"
POINT(-99.187069 19.465749),187,Clavería 22,Multidisciplina,Difusión,1/04/2015 0:00:00,2015,2015,,No aplica,,Rentado,Sin información,Abierto,Más de una,30/03/2020 0:00:00,2020-03,,Sin información,Cerrado permanentemente,Sin información,Azcapotzalco,"-99,187069","19,465749",http://www.claveria22.com/
POINT(-99.162123 19.417601),204,Pan y Circo,Artes escénicas,Consumo,11/12/2015 0:00:00,2015,2015,,No aplica,,Rentado,Servicios,Abierto,Sin información,30/03/2020 0:00:00,2020-03,3/07/2020 0:00:00,,Abierto,Sin información,Cuauhtémoc,"-99,1621227","19,4176007",https://www.facebook.com/panycircomxdf
POINT(-99.164521 19.400145),192,Foro El Cubo,Artes escénicas,Difusión,4/06/2015 0:00:00,2015,2015,,No aplica,,Rentado,Autogenerados,Abierto,Sin información,30/03/2020 0:00:00,2020-03,25/10/2021 0:00:00,,Abierto,Hasta 50 personas,Benito Juárez,"-99,164521","19,400145",https://www.facebook.com/ForoelCubo2015
POINT(-99.092198 19.408858),239,Rock Forum,Música,Consumo,5/11/2016 0:00:00,2016,2016,12/12/2017 0:00:00,2017,2017,Rentado,Servicios,Cerrado permanentemente,Sin información,,No aplica,,No aplica,No aplica,Sin información,Venustiano Carranza,"-99,092198","19,408858",https://www.facebook.com/Rock-Forum-1682984872011583
POINT(-99.117758 19.40897),210,"La chinampa ""el hoyo rasta""",Multidisciplina,Consumo,15/01/2016 0:00:00,2016,2016,8/12/2017 0:00:00,2017,2017,Rentado,Servicios,Cerrado permanentemente,Sin información,,No aplica,,No aplica,No aplica,Sin información,Venustiano Carranza,"-99,117758","19,40897",https://www.facebook.com/pages/La-Chinampa-El-Oyo-Rasta-/705672669569909
POINT(-99.151518 19.431412),217,Tenxokotl,Música,Consumo,21/03/2016 0:00:00,2016,2016,20/12/2018 0:00:00,2018,2018,Rentado,Servicios,Cerrado permanentemente,Sin información,25/03/2020 0:00:00,2020-03,,Hasta nuevo aviso,No aplica,Hasta 50 personas,Cuauhtémoc,"-99,1515177","19,4314117",https://www.facebook.com/tenxokotl tenxokotlcultura@gmail.com
POINT(-99.151518 19.431412),222,Bandini Espacio Cultural,Multidisciplina,Difusión,12/05/2016 0:00:00,2016,2016,1/09/2018 0:00:00,2018,2018,Sin información,Servicios,Cerrado permanentemente,Sin información,,No aplica,,No aplica,No aplica,Hasta 50 personas,Cuauhtémoc,"-99,1515177","19,4314117",https://www.facebook.com/bandiniespaciocultural
POINT(-99.162416 19.411602),236,Monterrey Dos3Dos,Artes escénicas,Difusión,29/09/2016 0:00:00,2016,2016,2/02/2018 0:00:00,2018,2018,Rentado,Sin información,Cierrado permanentemente,Sin información,,No aplica,,No aplica,No aplica,Sin información,Cuauhtémoc,"-99,162416","19,411602",Sin información
POINT(-99.146331 19.423122),206,Collective Mooi,Música,Difusión,1/01/2016 0:00:00,2016,2016,2/02/2018 0:00:00,2018,2018,Rentado,Servicios,Cerrado permanentemente,Sin información,,No aplica,,No aplica,No aplica,201 a 250 personas,Cuauhtémoc,"-99,146331","19,423122",info@mooicollective.com
POINT(-99.070282 19.383905),230,C10 Canta-Bar-Lounge,Música,Consumo,28/06/2016 0:00:00,2016,2016,1/11/2018 0:00:00,2018,2018,Rentado,Servicios,Cerrado permanentemente,Una clausura,,No aplica,,No aplica,No aplica,Sin información,Iztapalapa,"-99,0702821","19,383905",Sin información
POINT(-99.182029 19.340867),245,JamJazz,Música,Difusión,15/12/2016 0:00:00,2016,2016,18/12/2019 0:00:00,2019,2019,Sin información,Sin información,Cerrado permanentemente,Sin información,,Sin información,,Sin información,No aplica,Hasta 50 personas,Coyoacán,"-99,18202863","19,340867",https://www.facebook.com/Jamjazzmx/photos/?ref=page_internal
POINT(-99.113868 19.29799),242,Foro 76,Teatro,Formación,10/12/2016 0:00:00,2016,2016,30/12/2019 0:00:00,2019,2019,Rentado,Servicios,Cerrado permanentemente,Sin información,,No aplica,,No aplica,No aplica,Sin información,Tlalpan,"-99,113868","19,29799",https://www.facebook.com/foro76
POINT(-99.159299 19.350752),207,Teatro en Corto Coyoacán,Teatro,Difusión,5/01/2016 0:00:00,2016,2016,6/01/2019 0:00:00,2019,2019,Rentado,Servicios,Cerrado ,Sin clausuras,16/03/2020 0:00:00,2020-03,,Hasta nuevo aviso,No aplica,Hasta 50 personas,Coyoacán,"-99,159299","19,350752",https://www.facebook.com/TeatroEnCorto
POINT(-99.142047 19.433133),223,Foro Normandie,Música,Consumo,20/05/2016 0:00:00,2016,2016,14/10/2019 0:00:00,2019,2019,Propio,Multisostenimiento,Cerrado ,Una clausura,,No aplica,,No aplica,No aplica,Más de 350 personas,Cuauhtémoc,"-99,142047","19,4331331",https://www.facebook.com/foronormandie
POINT(-99.149851 19.433144),214,Foro Manrique Ferrer,Teatro,Difusión,8/03/2016 0:00:00,2016,2016,4/04/2019 0:00:00,2019,2019,Sin información,Servicios,Cerrado permanentemente,Sin información,,No aplica,,No aplica,No aplica,Sin información,Cuauhtémoc,"-99,149851","19,433144",contacto@manriqueferrer.com.mx / 55 6838 5864
POINT(-99.164873 19.42465),216,Youkaly Cabaret,Artes vivas,Difusión,18/03/2016 0:00:00,2016,2016,1/11/2019 0:00:00,2019,2019,Rentado,Multisostenimiento,Cerrado permanentemente,Sin información,,No aplica,,No aplica,No aplica,Hasta 50 personas,Cuauhtémoc,"-99,1648728","19,4246497",https://www.facebook.com/youkalicabaret
POINT(-99.158175 19.390651),212,Casa Abandonada,Teatro,Difusión,18/01/2016 0:00:00,2016,2016,1/01/2020 0:00:00,2020,2020,Sin información,Sin información,Cerrado permanentemente,Sin información,,No aplica,,No aplica,No aplica,Hasta 50 personas,Benito Juárez,"-99,158175","19,390651",Sin información
POINT(-99.155152 19.429713),238,American Club Social,Multidisciplina,Consumo,28/10/2016 0:00:00,2016,2016,1/01/2020 0:00:00,2020,2020,Rentado,Servicios,Cerrado permanentemente,Sin información,,No aplica,,No aplica,No aplica,Sin información,Cuauhtémoc,"-99,15515175","19,42971263",https://www.facebook.com/TamboreoMX
POINT(-99.194369 19.286701),221,Foro Elefante,Multidisciplina,Difusión,2/05/2016 0:00:00,2016,2016,,No aplica,,Sin información,Sin información,Abierto,Sin información,30/03/2020 0:00:00,2020-03,30/09/2020 0:00:00,,Abierto,Sin información,Tlalpan,"-99,194369","19,286701",https://www.facebook.com/cempoaelefante
POINT(-99.15554 19.4119),240,Art House Teatro,Teatro,Difusión,17/11/2016 0:00:00,2016,2016,,No aplica,,Propio,Sin información,Abierto,Sin información,30/03/2020 0:00:00,2020-03,21/08/2020 0:00:00,,Abierto,Sin información,Cuauhtémoc,"-99,15554",,"http://www.arthousemexico.com/
 55 5564 7345"
POINT(-99.15089 19.347138),213,Crescendo,Música,Consumo,18/02/2016 0:00:00,2016,2016,,No aplica,,Rentado,Servicios,Abierto,Sin información,21/03/2020 0:00:00,2020-03,1/07/2020 0:00:00,,Abierto,Hasta 50 personas,Coyoacán,"-99,15089","19,347138",https://www.facebook.com/CrescendoCafe
POINT(-99.202514 19.436501),235,Café K-OZ Foro Cultural,Artes escénicas,Difusión,3/09/2016 0:00:00,2016,2016,,No aplica,,Rentado,Sin información,Abierto,Sin información,16/03/2020 0:00:00,2020-03,,Hasta nuevo aviso,Cerrado permanentemente,Hasta 50 personas,Miguel Hidalgo,"-99,202514","19,436501",https://www.facebook.com/cafekozforo
POINT(-99.152176 19.426082),241,Foro Malaquías,Música,Difusión,3/12/2016 0:00:00,2016,2016,,No aplica,,Rentado,Sin información,Abierto,Sin información,,Sin información,,Sin información,Abierto,Sin información,Cuauhtémoc,"-99,152176","19,426082",https://twitter.com/HostelMalaquias/with_replies https://www.instagram.com/foromalaquias/?hl=es
POINT(-99.090703 19.410516),228,Ikal Bej,Multidisciplina,Consumo,22/06/2016 0:00:00,2016,2016,,No aplica,,Rentado,Servicios,Abierto,Sin clausuras,9/04/2020 0:00:00,2020-04,,Hasta nuevo aviso,Cerrado permanentemente,51 a 100 personas,Venustiano Carranza,"-99,090703","19,410516",https://www.facebook.com/IkalBej.comunidadyarte
POINT(-99.141205 19.41634),227,Foro El Mictlán,Multidisciplina,Difusión,19/06/2016 0:00:00,2016,2016,,No aplica,,Sin información,Multisostenimiento,Abierto,Sin información,28/03/2020 0:00:00,2020-03,31/10/2020 0:00:00,,Abierto,Sin información,Cuauhtémoc,"-99,141205","19,41634",https://www.facebook.com/ForoelMictlan
POINT(-99.136286 19.434346),234,Distrito Urbano CDMX,Música,Consumo,28/07/2016 0:00:00,2016,2016,,No aplica,,Sin información,Sin información,Abierto,Sin información,18/12/2020 0:00:00,2020-12,11/03/2021 0:00:00,,Abierto,Más de 350 personas,Cuauhtémoc,"-99,136286","19,434346",https://www.facebook.com/Distrito-Urbano-CDMX-100591158353957
POINT(-99.154807 19.396847),209,Chapata Vive Café,Multidisciplina,Consumo,15/01/2016 0:00:00,2016,2016,,No aplica,,Rentado,Servicios,Abierto,Sin clausuras,30/03/2020 0:00:00,2020-03,17/08/2020 0:00:00,,Abierto,Hasta 50 personas,Benito Juárez,"-99,154807","19,396847",Sin información
POINT(-99.134117 19.491543),231,The Hell Rock,Música,Consumo,1/07/2016 0:00:00,2016,2016,,No aplica,,Rentado,Servicios,Abierto,Sin información,23/03/2020 0:00:00,2020-03,5/09/2020 0:00:00,,Abierto,Sin información,Gustavo A. Madero,"-99,13411673","19,49154314",https://www.facebook.com/thehellrocklindavista
POINT(-99.138373 19.363266),232,Raíces Centro Cultural,Multidisciplina,Difusión,21/07/2016 0:00:00,2016,2016,,No aplica,,Rentado,Servicios,Abierto,Sin clausuras,23/03/2020 0:00:00,2020-03,3/07/2020 0:00:00,,Abierto,Hasta 50 personas,Iztapalapa,"-99,138373","19,363266","somos@raicescentrocultural.com
https://www.raicescentrocultural.com/"
POINT(-99.154556 19.417718),219,Metal brothers,Música,Consumo,28/04/2016 0:00:00,2016,2016,,No aplica,,Rentado,Servicios,Abierto,Sin información,17/03/2020 0:00:00,2020-03,,Cerrado permanentemente,Cerrado permanentemente,Sin información,Cuauhtémoc,"-99,15455575","19,41771824",https://www.facebook.com/Metal-Brothers-4870834114319.91
POINT(-99.185179 19.412804),220,Casa del Humor,Artes vivas,Formación,1/05/2016 0:00:00,2016,2016,,No aplica,,Sin información,Servicios,Abierto,Sin información,30/03/2020 0:00:00,2020-03,5/06/2021 0:00:00,,Abierto,Hasta 50 personas,Miguel Hidalgo,"-99,18517873","19,41280378",https://www.casadelhumor.com
POINT(-99.084087 19.389458),233,Punto G Army,Música,Consumo,22/07/2016 0:00:00,2016,2016,,No aplica,,Sin información,Sin información,Sin información ,Sin información,31/03/2020 0:00:00,2020-03,,Hasta nuevo aviso,Cerrado temporalmente,51 a 100 personas,Iztapalapa,"-99,0840869","19,3894583",https://www.facebook.com/PUNTOGARMY
POINT(-99.15233 19.427428),226,Corral de Comedias De La Ciudad De México,Teatro,Difusión,11/06/2016 0:00:00,2016,2016,,No aplica,,Sin información,Servicios,Abierto,Sin clausuras,17/03/2020 0:00:00,2020-03,1/01/2021 0:00:00,,Abierto,Sin información,Cuauhtémoc,"-99,15233","19,427428",https://www.facebook.com/corraldecomediascdmx
POINT(-99.155977 19.43579),211,Foro Juana Cata,Teatro,Difusión,17/01/2016 0:00:00,2016,2016,,No aplica,,Rentado,Sin información,Abierto,Sin clausuras,16/03/2020 0:00:00,2020-03,6/09/2021 0:00:00,,Abierto,Hasta 50 personas,Cuauhtémoc,"-99,155977","19,43579",https://www.juanacata.mx
POINT(-99.160466 19.406636),243,Foro La Nabe,Artes escénicas,Difusión,14/12/2016 0:00:00,2016,2016,,No aplica,,Sin información,Sin información,Abierto,Sin información,17/03/2020 0:00:00,2020-03,15/10/2021 0:00:00,,Abierto,Sin información,Cuauhtémoc,"-99,160466","19,406636",https://www.facebook.com/forolanabe
POINT(-99.175275 19.468927),215,HDX Circus Bar,Artes escénicas,Consumo,14/03/2016 0:00:00,2016,2016,,No aplica,,Sin información,Servicios,Abierto,Sin información,25/03/2020 0:00:00,2020-03,23/07/2021 0:00:00,,Abierto,Sin información,Azcapotzalco,"-99,175275","19,468927",https://www.facebook.com/HDXCircusBar
POINT(-99.128798 19.423562),229,316 Centro,Música,Difusión,28/06/2016 0:00:00,2016,2016,,No aplica,,Sin información,Servicios,Abierto,Sin información,18/03/2020 0:00:00,2020-03,12/10/2020 0:00:00,,Abierto,51 a 100 personas,Cuauhtémoc,"-99,12879803","19,42356236",https://www.facebook.com/316centro
POINT(-99.095458 19.321869),225,Cervecería y parrilla La Clande Shoteria,Música,Consumo,10/06/2016 0:00:00,2016,2016,,No aplica,,Sin información,Servicios,Abierto,Sin información,30/03/2020 0:00:00,2020-03,1/07/2020 0:00:00,,Abierto,Sin información,Iztapalapa,"-99,095458","19,321869",https://www.facebook.com/LaClandeShoteria/?ref=page_internal
POINT(-99.133858 19.399188),205,Foro La Cura,Teatro,Difusión,1/01/2016 0:00:00,2016,2016,,No aplica,,Rentado,Autogenerados,Abierto,Sin clausuras,27/03/2020 0:00:00,2020-03,27/09/2020 0:00:00,,Abierto,51 a 100 personas,Iztacalco,"-99,133858","19,399188",https://www.facebook.com/forolacura
POINT(-99.149653 19.385287),224,Foro Disonante,Música,Difusión,9/06/2016 0:00:00,2016,2016,,No aplica,,Sin información,Servicios,Abierto,Sin información,,Sin información,,Sin información,Abierto,Sin información,Benito Juárez,"-99,1496525","19,385287",https://www.facebook.com/Foro-Disonante-1600155393627811
POINT(-99.147203 19.361934),237,The AntiTapRoom,Multidisciplina,Consumo,3/10/2016 0:00:00,2016,2016,,No aplica,,Sin información,Servicios,Abierto,Sin información,,Sin información,23/01/2021 0:00:00,,Abierto,201 a 250 personas,Benito Juárez,"-99,14720314","19,36193432",https://www.antitaproom.com/
POINT(-99.172807 19.347925),208,Terminal Coyoacán,Multidisciplina,Difusión,5/01/2016 0:00:00,2016,2016,,No aplica,,Propio,Autogenerados,Abierto,Sin clausuras,17/03/2020 0:00:00,2020-03,22/06/2020 0:00:00,,Abierto,Hasta 50 personas,Coyoacán,"-99,1728068","19,3479253",https://www.terminalcoyoacanradio.com/?fbclid=IwAR3N_juRLsZQDG-s4iZ1Q7qDMpYXfePUuWs6UfDebLn_HVM6TVcyoNUOyz0
POINT(-99.164895 19.352236),218,La Titería,Teatro,Difusión,27/03/2016 0:00:00,2016,2016,,No aplica,,Propio,Multisostenimiento,Abierto,Sin clausuras,16/03/2020 0:00:00,2020-03,30/03/2021 0:00:00,,Abierto,201 a 250 personas,Coyoacán,"-99,164895","19,352236",https://www.latiteria.mx/
POINT(-99.199822 19.366361),244,AGS MUSIC SCHOOL,Música,Formación,14/12/2016 0:00:00,2016,2016,,No aplica,,Sin información,Servicios,Abierto,Sin información,30/03/2020 0:00:00,2020-03,9/09/2020 0:00:00,,Cerrado permanentemente,Sin información,Álvaro Obregón,"-99,199822","19,366361",https://www.facebook.com/AGSMusicSchool
POINT(-99.166912 19.416617),246,Foro Bizarro,Música,Difusión,28/12/2016 0:00:00,2016,2016,,Sin información,,Sin información,Servicios,Abierto,Sin clausuras,20/03/2020 0:00:00,2020-03,24/08/2020 0:00:00,,Abierto,101 a 150 personas,Cuauhtémoc,"-99,1669119","19,416617",https://www.facebook.com/Foro-Bizarro-2390472964419.34
POINT(-99.173287 19.402852),250,Foro El incidente,Teatro,Difusión,16/03/2017 0:00:00,2017,2017,4/04/2019 0:00:00,2019,2019,Sin información,Sin información,Cerrado permanentemente,Sin información,,No aplica,,No aplica,No aplica,Sin información,Miguel Hidalgo,"-99,173287","19,402852",Sin información
POINT(-99.136652 19.393202),249,Espacio Alternativo Atelier,Artes escénicas,Difusión,16/03/2017 0:00:00,2017,2017,4/04/2019 0:00:00,2019,2019,Sin información,Sin información,Sin información,Sin información,,No aplica,,No aplica,No aplica,Sin información,Benito Juárez,"-99,136652","19,393202",https://carteleradeteatro.mx/teatro/centro/espacio-alternativo-atelier/
POINT(-99.163368 19.356946),251,Foro Viena,Artes vivas,Consumo,31/03/2017 0:00:00,2017,2017,,No aplica,,Sin información,Servicios,Abierto,Sin información,30/03/2020 0:00:00,2020-03,,Hasta nuevo aviso,Abierto,201 a 250 personas,Coyoacán,"-99,16336797","19,35694563",http://www.foroviena.mx/
POINT(-99.119905 19.291332),255,Káosz Studio,Danza,Difusión,3/10/2017 0:00:00,2017,2017,,No aplica,,Sin información,Servicios,Abierto,Sin información,23/03/2020 0:00:00,2020-03,30/05/2021 0:00:00,,Abierto,Sin información,Cuauhtémoc,"-99,119905","19,291332",https://www.facebook.com/KaoszStudio
POINT(-99.086311 19.485489),248,Casa Esmeralda,Danza,Difusión,4/03/2017 0:00:00,2017,2017,,No aplica,,Sin información,Servicios,Abierto,Sin información,21/03/2020 0:00:00,2020-03,5/06/2021 0:00:00,,Abierto,Sin información,Gustavo A. Madero,"-99,086311","19,485489",https://www.facebook.com/casaesmeralda92/
POINT(-99.147827 19.397882),252,Teatro Bellescense,Artes vivas,Difusión,8/04/2017 0:00:00,2017,2017,,No aplica,,Rentado,Servicios,Abierto,Sin información,21/03/2020 0:00:00,2020-03,11/09/2021 0:00:00,,Abierto,51 a 100 personas,Benito Juárez,"-99,147827","19,397882",https://www.facebook.com/ForoBellescene/ socialbellescene@gmail.com
POINT(-99.185361 19.355183),254,Foro 18*69,Artes escénicas,Consumo,1/09/2017 0:00:00,2017,2017,,No aplica,,Sin información,Servicios,Abierto,Sin información,16/03/2020 0:00:00,2020-03,26/08/2020 0:00:00,,Abierto,251 a 300 personas,Álvaro Obregón,"-99,18536116","19,35518333",https://foro1869.com/
POINT(-99.082856 19.451224),253,Chapulín El espacio,Música,Consumo,30/07/2017 0:00:00,2017,2017,,No aplica,,Rentado,Servicios,Abierto,Sin información,,No aplica,,No aplica,Abierto,Hasta 50 personas,Gustavo A. Madero,"-99,08285565","19,45122445",https://www.facebook.com/chapulinelespacio
POINT(-99.116408 19.458712),256,Foro La Santa Cruz,Teatro,Difusión,3/11/2017 0:00:00,2017,2017,,No aplica,,Rentado,Sin información,Abierto,Sin información,18/03/2020 0:00:00,2020-03,,Hasta nuevo aviso,Cerrado temporalmente,Hasta 50 personas,Gustavo A. Madero,"-99,116408","19,458712",https://www.facebook.com/forolasantacruz/
POINT(-99.158874 19.457397),247,Bodega Sabino,Música,Sin información,3/03/2017 0:00:00,2017,2017,,Sin información,,Sin información,Sin información,Abierto,Sin información,,Sin información,,Sin información,Abierto,Sin información,Cuauhtémoc,"-99,1588737","19,4573974",Sin página
POINT(-99.00726 19.273155),262,Hacklab La Chinampa,Otras disciplinas,Formación,22/09/2018 0:00:00,2018,2018,4/04/2019 0:00:00,2019,2019,Sin información,Autogenerados,Cerrado permanentemente,Sin información,,No aplica,,No aplica,No aplica,Sin información,Tláhuac,"-99,00726","19,273155",https://insubordinadas.com/la-chinampa/?fbclid=IwAR0_xPfTJebuu4AQ15P0HHvrgl0-Hf0L2-zZx-As0IY15CHFVMCh_ozOSec
POINT(-99.171973 19.411853),260,Culebra Foro,Música,Consumo,26/04/2018 0:00:00,2018,2018,1/01/2020 0:00:00,2020,2020,Sin información,Sin información,Cerrado permanentemente,Sin información,,No aplica,,No aplica,No aplica,Sin información,Cuauhtémoc,"-99,171973","19,411853",https://www.facebook.com/ForoCulebra
POINT(-99.168512 19.37014),263,Centro Cultural El Hormiguero,Teatro,Difusión,20/10/2018 0:00:00,2018,2018,,No aplica,,Rentado,Autogenerados,Abierto,Sin clausuras,18/03/2020 0:00:00,2020-03,22/10/2020 0:00:00,,Abierto,51 a 100 personas,Benito Juárez,"-99,16851195","19,3701398",https://www.elhormiguero.mx/
POINT(-99.285699 19.376537),259,Foro Escena Cafetería,Teatro,Difusión,18/02/2018 0:00:00,2018,2018,,No aplica,,Sin información,Sin información,Abierto,Sin información,23/03/2020 0:00:00,2020-03,1/09/2020 0:00:00,,Abierto,Sin información,Cuajimalpa,"-99,285699","19,376537",https://www.facebook.com/foroescenacafeteria/
POINT(-99.178911 19.412901),257,Casa Tomada,Otras disciplinas,Difusión,1/02/2018 0:00:00,2018,2018,,No aplica,,Propio,Servicios,Abierto,Sin información,20/03/2020 0:00:00,2020-03,9/09/2020 0:00:00,,Abierto,Hasta 50 personas,Cuauhtémoc,"-99,17891052","19,41290062",https://www.facebook.com/casatomadamx
POINT(-99.164828 19.415919),266,Jazztlán Capital,Música,Consumo,19/11/2018 0:00:00,2018,2018,,No aplica,,Sin información,Servicios,Abierto,Sin información,16/03/2020 0:00:00,2020-03,13/08/2020 0:00:00,,Abierto,Hasta 50 personas,Cuauhtémoc,"-99,1648283","19,4159187",https://linktr.ee/jazzatlancapital
POINT(-99.138208 19.43753),265,El Pixcuhuil,Música,Difusión,28/10/2018 0:00:00,2018,2018,,No aplica,,Sin información,Servicios,Abierto,Sin clausuras,19/03/2020 0:00:00,2020-03,28/07/2020 0:00:00,,Abierto,51 a 100 personas,Cuauhtémoc,"-99,13820831","19,43753013",https://www.facebook.com/3elpixcuhuil
POINT(-99.194069 19.287734),258,Foro El Elefante,Artes escénicas,Difusión,7/02/2018 0:00:00,2018,2018,,No aplica,,Propio,Sin información,Abierto,Sin información,19/03/2020 0:00:00,2020-03,13/07/2020 0:00:00,,Abierto,Hasta 50 personas,Tlalpan,"-99,19406882","19,28773433",https://www.facebook.com/cempoaelefante
POINT(-99.136857 19.436053),264,Arte 206,Multidisciplina,Renta,26/10/2018 0:00:00,2018,2018,,No aplica,,Sin información,Servicios,Abierto,Sin información,30/03/2020 0:00:00,2020-03,,Hasta nuevo aviso,Cerrado permanentemente,Hasta 50 personas,Cuauhtémoc,"-99,13685663","19,43605316",De espacio Cerrojo dProducciones http://laboratoriocreativo.mx/ https://www.facebook.com/laboratoriocreativo206/
POINT(-99.018861 19.372889),267,Foro Los Arcos,Teatro,Difusión,18/12/2018 0:00:00,2018,2018,,No aplica,,Rentado,Sin información,Cerrado permanentemente,Sin clausuras,30/03/2020 0:00:00,2020-03,26/08/2020 0:00:00,,Cerrado permanentemente,101 a 150 personas,Iztapalapa,"-99,018861","19,372889",https://www.facebook.com/forolosarcos
POINT(-99.170298 19.417549),261,Foro Sunland,Danza,Formación,20/08/2018 0:00:00,2018,2018,,No aplica,,Rentado,Servicios,Abierto,Sin clausuras,,No aplica,,No aplica,Abierto,Hasta 50 personas,Cuauhtémoc,"-99,17029778","19,41754898",http://www.sunland.mx/ / 55 5589 0527
POINT(-99.099573 19.497138),269,Centro profesional de la danza,Danza,Formación,21/02/2019 0:00:00,2019,2019,,No aplica,,Sin información,Multisostenimiento,Abierto,Sin clausuras,30/03/2020 0:00:00,2020-03,23/11/2020 0:00:00,,Abierto,51 a 100 personas,Cuauhtémoc,"-99,099573","19,497138",https://www.facebook.com/CentroProfesionalDeLaDanza
POINT(-99.145786 19.293061),270,Casa Isa,Multidisciplina,Difusión,4/03/2019 0:00:00,2019,2019,,No aplica,,Sin información,Servicios,Abierto,Sin información,17/03/2020 0:00:00,2020-03,9/06/2021 0:00:00,,Abierto,Hasta 50 personas,Tlalpan,"-99,145786","19,293061",https://www.facebook.com/casaisaEMCS/
POINT(-99.176298 19.3499),271,La Mano,Multidisciplina,Consumo,26/03/2019 0:00:00,2019,2019,,No aplica,,Sin información,Servicios,Abierto,Sin información,19/03/2020 0:00:00,2020-03,7/07/2020 0:00:00,,Abierto,Sin información,Coyoacán,"-99,17629825","19,34989986",http://www.culturalamano.com/
POINT(-99.153366 19.420292),268,Galera Espacio cultural,Multidisciplina,Difusión,24/01/2019 0:00:00,2019,2019,,No aplica,,Sin información,Servicios,Abierto,Sin información,16/03/2020 0:00:00,2020-03,,No aplica,Cerrado permanentemente,151 a 200 personas,Cuauhtémoc,"-99,15336649","19,42029222",https://www.facebook.com/galeragaleramx/
POINT(-99.163775 19.442356),272,Salón Numantina,Música,Consumo,14/05/2019 0:00:00,2019,2019,,No aplica,,Sin información,Sin información,Abierto,Sin información,16/03/2020 0:00:00,2020-03,14/08/2020 0:00:00,,Abierto,51 a 100 personas,Cuauhtémoc,"-99,163775","19,442356",https://www.facebook.com/Cantina-la-numantina-2265037030423264
POINT(-99.178506 19.345708),277,Foro al Aire libre,Artes escénicas,Difusión,27/11/2020 0:00:00,2020,2020,,No aplica,,Rentado,Servicios,Abierto,Sin clausuras,,No aplica,27/11/2020 0:00:00,,Abierto,51 a 100 personas,Coyoacán,"-99,17850615","19,34570804",https://www.airelibrecoyoacan.com/
POINT(-99.205489 19.341405),278,Centro Cultural El Semillero,Artes escénicas,Formación,27/11/2020 0:00:00,2020,2020,,No aplica,,Sin información,Sin información,Abierto,Sin información,,No aplica,27/11/2020 0:00:00,,Abierto,Sin información,Álvaro Obregón,"-99,205489","19,341405",https://www.facebook.com/elsemilleroarteycultura
POINT(-99.125934 19.490619),276,Coffee and Jazz Lindavista,Música,Consumo,21/11/2020 0:00:00,2020,2020,,No aplica,,Sin información,Servicios,Abierto,Sin información,,No aplica,21/11/2020 0:00:00,,Abierto,51 a 100 personas,Gustavo A. Madero,"-99,12593373","19,49061863",https://www.facebook.com/coffeandjazzlindavista
POINT(-99.101328 19.487125),274,Ceres Cultura,Otras disciplinas,Difusión,20/07/2020 0:00:00,2020,2020,,No aplica,,Sin información,Sin información,Abierto,Sin información,,No aplica,19/03/2021 0:00:00,,Abierto,Sin información,Gustavo A. Madero,"-99,101328","19,487125",https://www.facebook.com/ceres.cultura
POINT(-99.051429 19.201597),273,Cuartel artístico del Sur,Artes escénicas,Difusión,2/01/2020 0:00:00,2020,2020,,No aplica,,Rentado,Servicios,Abierto,Sin clausuras,19/03/2020 0:00:00,2020-03,13/07/2020 0:00:00,,Abierto,Hasta 50 personas,Milpa Alta,"-99,0514285","19,20159699",https://www.facebook.com/Cuartelartisticodelsur/
POINT(-98.996408 19.276452),275,La té terraza cultural,Música,Difusión,21/08/2020 0:00:00,2020,2020,,No aplica,,Sin información,Sin información,Abierto,Sin información,,No aplica,21/08/2020 0:00:00,,Abierto,Sin información,Tláhuac,"-98,996408","19,276452",https://m.facebook.com/La-T%C3%A9-Raza-Cultural-112703067228017/
POINT(-99.015984 19.291569),279,Dadá Espacio Cultural,Multidisciplina,Formación,10/03/2021 0:00:00,2021,2021,,No aplica,,Sin información,Servicios,Abierto,Sin información,,No aplica,3/10/2020 0:00:00,,Abierto,Hasta 50 personas,Tláhuac,"-99,01598385","19,29156926",https://www.facebook.com/dadaEspacioCulturalTlahuac
POINT(-99.168914 19.425593),284,Teatro Varsovia de Infinita Compañía Estuido,Artes escénicas,Difusión,12/12/2021 0:00:00,2021,2021,,No aplica,,Sin información,Servicios,Abierto,Sin clausuras,,No aplica,12/12/2021 0:00:00,,Abierto,Hasta 50 personas,Cuauhtémoc,"-99,1689142","19,42559275",https://www.facebook.com/Teatro-Varsovia-108014538427945
POINT(-99.166286 19.353951),283,Casa SNOWAPPLE mx,Artes vivas,Creación,10/07/2021 0:00:00,2021,2021,,No aplica,,Rentado,Servicios,Abierto,Sin clausuras,,No aplica,10/07/2021 0:00:00,,Abierto,51 a 100 personas,Coyoacán,"-99,16628618","19,35395144",https://www.facebook.com/CasaSnowappleMx
POINT(-99.163837 19.419158),280,Casa Show,Artes vivas,Consumo,21/03/2021 0:00:00,2021,2021,,No aplica,,Sin información,Sin información,Abierto,Sin información,,No aplica,21/03/2021 0:00:00,,Abierto,Sin información,Cuauhtémoc,"-99,163837","19,419158",https://www.facebook.com/CASA-SHOW-112523140919.075
POINT(-99.187007 19.378954),281,House of Vans,Música,Consumo,3/06/2021 0:00:00,2021,2021,,No aplica,,Sin información,Servicios,Abierto,Sin clausuras,,No aplica,3/06/2021 0:00:00,,Abierto,251 a 300 personas,Benito Juárez,"-99,1870066","19,37895387",https://www.facebook.com/pages/House%20of%20Vans%20Mx/1566097473610083/
POINT(-99.190582 19.347879),282,Salón No,Música,Difusión,1/07/2021 0:00:00,2021,2021,,No aplica,,Sin información,Servicios,Abierto,Sin información,,No aplica,1/07/2021 0:00:00,,Abierto,51 a 100 personas,Álvaro Obregón,"-99,19058242","19,34787886",https://salonno.xyz/?fbclid=IwAR2siXswURwG_nD-BZU4edZ-9pbGYMEADm8T5J1lPByQAGaGS2rPvJJ7b9A
